,Churn
0,0
1,0
2,1
3,0
4,1
5,1
6,0
7,0
8,1
9,0
10,0
11,0
12,0
13,1
14,0
15,0
16,0
17,0
18,1
19,0
20,1
21,0
22,1
23,0
24,0
25,0
26,1
27,1
28,0
29,1
30,0
31,0
32,0
33,0
34,0
35,0
36,1
37,0
38,1
39,1
40,0
41,0
42,0
43,0
44,0
45,0
46,0
47,1
48,0
49,0
50,0
51,1
52,0
53,1
54,0
55,1
56,0
57,0
58,0
59,0
60,0
61,0
62,0
63,0
64,1
65,0
66,0
67,0
68,0
69,0
70,0
71,0
72,0
73,0
74,0
75,0
76,0
77,0
78,0
79,0
80,1
81,0
82,1
83,0
84,0
85,0
86,0
87,0
88,0
89,0
90,0
91,0
92,0
93,0
94,0
95,1
96,0
97,1
98,0
99,1
100,0
101,0
102,0
103,0
104,1
105,0
106,0
107,0
108,0
109,0
110,1
111,0
112,0
113,1
114,0
115,0
116,0
117,1
118,0
119,0
120,0
121,0
122,1
123,0
124,0
125,0
126,1
127,0
128,0
129,0
130,0
131,1
132,0
133,1
134,1
135,0
136,0
137,0
138,0
139,1
140,0
141,1
142,0
143,0
144,0
145,0
146,0
147,1
148,0
149,0
150,0
151,1
152,0
153,0
154,0
155,0
156,0
157,0
158,0
159,0
160,0
161,1
162,0
163,0
164,0
165,0
166,1
167,0
168,1
169,0
170,0
171,1
172,0
173,1
174,0
175,0
176,1
177,1
178,0
179,0
180,1
181,0
182,1
183,0
184,1
185,1
186,0
187,0
188,0
189,0
190,0
191,1
192,0
193,0
194,0
195,0
196,0
197,0
198,0
199,0
200,0
201,0
202,0
203,0
204,0
205,0
206,0
207,1
208,1
209,0
210,1
211,0
212,0
213,0
214,0
215,0
216,0
217,0
218,0
219,0
220,1
221,0
222,0
223,1
224,0
225,0
226,0
227,1
228,0
229,0
230,0
231,0
232,1
233,0
234,0
235,1
236,0
237,0
238,1
239,0
240,0
241,0
242,0
243,0
244,0
245,0
246,0
247,1
248,1
249,0
250,0
251,1
252,1
253,0
254,0
255,0
256,0
257,0
258,1
259,0
260,1
261,1
262,0
263,0
264,0
265,0
266,0
267,0
268,1
269,0
270,1
271,0
272,1
273,0
274,1
275,1
276,1
277,0
278,0
279,0
280,0
281,0
282,0
283,0
284,1
285,0
286,0
287,1
288,1
289,1
290,1
291,0
292,0
293,0
294,0
295,0
296,0
297,0
298,0
299,1
300,0
301,1
302,0
303,0
304,0
305,0
306,1
307,0
308,0
309,0
310,0
311,0
312,0
313,0
314,1
315,0
316,0
317,1
318,1
319,0
320,1
321,0
322,0
323,0
324,0
325,0
326,0
327,1
328,0
329,0
330,0
331,0
332,0
333,1
334,1
335,1
336,1
337,0
338,0
339,1
340,0
341,0
342,0
343,0
344,0
345,0
346,1
347,0
348,0
349,0
350,0
351,0
352,0
353,1
354,1
355,1
356,0
357,0
358,1
359,0
360,0
361,0
362,0
363,0
364,0
365,1
366,0
367,0
368,0
369,0
370,0
371,1
372,0
373,0
374,0
375,0
376,0
377,1
378,0
379,0
380,0
381,1
382,0
383,1
384,0
385,1
386,1
387,0
388,0
389,0
390,0
391,0
392,0
393,0
394,0
395,0
396,0
397,1
398,0
399,0
400,0
401,0
402,1
403,0
404,0
405,0
406,0
407,0
408,1
409,1
410,1
411,0
412,0
413,0
414,0
415,0
416,0
417,0
418,1
419,1
420,0
421,0
422,0
423,0
424,0
425,0
426,0
427,0
428,0
429,0
430,1
431,0
432,0
433,1
434,0
435,0
436,0
437,0
438,0
439,0
440,0
441,0
442,0
443,0
444,0
445,1
446,1
447,0
448,0
449,0
450,0
451,0
452,0
453,1
454,0
455,0
456,0
457,0
458,0
459,0
460,0
461,0
462,1
463,1
464,0
465,0
466,0
467,0
468,0
469,1
470,0
471,1
472,0
473,0
474,1
475,1
476,0
477,0
478,1
479,1
480,0
481,1
482,0
483,0
484,1
485,0
486,0
487,0
488,1
489,0
490,0
491,1
492,0
493,0
494,1
495,0
496,0
497,1
498,1
499,0
500,0
501,0
502,0
503,0
504,1
505,0
506,1
507,1
508,0
509,0
510,0
511,1
512,0
513,0
514,1
515,0
516,0
517,1
518,0
519,0
520,0
521,0
522,1
523,1
524,0
525,0
526,0
527,0
528,0
529,0
530,0
531,0
532,0
533,1
534,0
535,0
536,0
537,0
538,0
539,0
540,0
541,0
542,1
543,1
544,0
545,1
546,0
547,0
548,0
549,0
550,0
551,0
552,0
553,1
554,0
555,0
556,0
557,0
558,0
559,0
560,0
561,0
562,0
563,0
564,0
565,0
566,0
567,1
568,0
569,0
570,0
571,0
572,1
573,0
574,0
575,0
576,0
577,0
578,0
579,1
580,1
581,1
582,0
583,0
584,1
585,0
586,0
587,0
588,0
589,0
590,0
591,0
592,0
593,0
594,1
595,0
596,0
597,0
598,0
599,0
600,0
601,0
602,0
603,0
604,0
605,0
606,0
607,0
608,1
609,1
610,1
611,0
612,0
613,0
614,0
615,0
616,0
617,0
618,0
619,0
620,0
621,0
622,0
623,1
624,0
625,0
626,0
627,0
628,1
629,1
630,0
631,0
632,0
633,0
634,1
635,0
636,0
637,1
638,1
639,0
640,1
641,1
642,0
643,0
644,1
645,1
646,0
647,1
648,0
649,1
650,1
651,0
652,0
653,1
654,0
655,0
656,0
657,1
658,0
659,1
660,0
661,0
662,0
663,0
664,0
665,1
666,0
667,1
668,0
669,0
670,0
671,1
672,0
673,1
674,0
675,0
676,1
677,0
678,0
679,1
680,0
681,0
682,0
683,0
684,0
685,0
686,1
687,0
688,0
689,0
690,0
691,0
692,1
693,0
694,0
695,0
696,1
697,0
698,0
699,0
700,0
701,0
702,0
703,0
704,1
705,0
706,0
707,0
708,0
709,1
710,0
711,0
712,0
713,0
714,0
715,0
716,0
717,0
718,0
719,0
720,0
721,1
722,1
723,1
724,0
725,0
726,0
727,1
728,0
729,1
730,0
731,0
732,0
733,0
734,0
735,0
736,0
737,0
738,0
739,0
740,0
741,1
742,0
743,0
744,0
745,0
746,0
747,0
748,0
749,0
750,0
751,0
752,0
753,1
754,0
755,0
756,1
757,0
758,0
759,1
760,1
761,0
762,0
763,0
764,0
765,0
766,0
767,0
768,0
769,1
770,1
771,1
772,1
773,0
774,0
775,1
776,0
777,1
778,0
779,0
780,0
781,1
782,0
783,1
784,0
785,0
786,0
787,0
788,0
789,0
790,0
791,0
792,0
793,0
794,0
795,0
796,0
797,1
798,0
799,1
800,0
801,0
802,1
803,0
804,0
805,0
806,1
807,1
808,1
809,1
810,0
811,0
812,0
813,0
814,1
815,0
816,1
817,0
818,0
819,0
820,0
821,0
822,0
823,1
824,1
825,0
826,1
827,0
828,1
829,0
830,0
831,0
832,1
833,0
834,0
835,1
836,0
837,0
838,1
839,0
840,1
841,0
842,1
843,0
844,0
845,0
846,0
847,0
848,0
849,0
850,0
851,0
852,0
853,1
854,0
855,1
856,0
857,0
858,0
859,0
860,1
861,1
862,1
863,1
864,0
865,0
866,1
867,0
868,0
869,0
870,0
871,1
872,0
873,0
874,1
875,0
876,0
877,0
878,1
879,0
880,1
881,0
882,0
883,0
884,0
885,0
886,0
887,1
888,0
889,1
890,0
891,1
892,0
893,0
894,0
895,0
896,1
897,0
898,0
899,1
900,1
901,0
902,0
903,1
904,0
905,0
906,0
907,0
908,1
909,0
910,0
911,0
912,0
913,1
914,0
915,0
916,0
917,0
918,0
919,0
920,0
921,0
922,0
923,0
924,1
925,1
926,0
927,0
928,0
929,0
930,0
931,1
932,0
933,0
934,1
935,0
936,0
937,0
938,0
939,0
940,0
941,0
942,1
943,0
944,0
945,1
946,0
947,1
948,0
949,0
950,0
951,0
952,1
953,0
954,0
955,0
956,0
957,0
958,0
959,0
960,0
961,1
962,1
963,1
964,0
965,0
966,1
967,1
968,0
969,0
970,1
971,0
972,1
973,1
974,0
975,1
976,0
977,0
978,0
979,0
980,1
981,0
982,1
983,0
984,0
985,0
986,0
987,0
988,0
989,0
990,0
991,0
992,1
993,1
994,1
995,0
996,0
997,1
998,1
999,0
1000,0
1001,0
1002,0
1003,1
1004,1
1005,1
1006,0
1007,0
1008,0
1009,0
1010,0
1011,1
1012,1
1013,0
1014,0
1015,0
1016,0
1017,0
1018,0
1019,0
1020,0
1021,0
1022,0
1023,1
1024,0
1025,1
1026,1
1027,0
1028,0
1029,1
1030,0
1031,0
1032,0
1033,0
1034,0
1035,0
1036,1
1037,1
1038,0
1039,0
1040,1
1041,0
1042,0
1043,0
1044,0
1045,0
1046,1
1047,1
1048,0
1049,0
1050,1
1051,1
1052,0
1053,1
1054,1
1055,1
1056,1
1057,0
1058,0
1059,0
1060,0
1061,0
1062,1
1063,0
1064,0
1065,1
1066,0
1067,1
1068,1
1069,0
1070,1
1071,0
1072,0
1073,0
1074,1
1075,0
1076,0
1077,0
1078,0
1079,1
1080,0
1081,1
1082,1
1083,0
1084,1
1085,0
1086,0
1087,0
1088,0
1089,0
1090,0
1091,0
1092,0
1093,1
1094,0
1095,0
1096,0
1097,0
1098,1
1099,0
1100,0
1101,0
1102,0
1103,0
1104,0
1105,0
1106,0
1107,1
1108,0
1109,1
1110,0
1111,0
1112,0
1113,0
1114,0
1115,0
1116,0
1117,0
1118,1
1119,0
1120,0
1121,1
1122,1
1123,0
1124,0
1125,0
1126,0
1127,1
1128,1
1129,0
1130,0
1131,0
1132,0
1133,0
1134,0
1135,0
1136,0
1137,0
1138,0
1139,0
1140,1
1141,0
1142,0
1143,0
1144,1
1145,1
1146,0
1147,0
1148,0
1149,0
1150,0
1151,0
1152,0
1153,0
1154,0
1155,1
1156,0
1157,1
1158,0
1159,1
1160,0
1161,0
1162,0
1163,0
1164,0
1165,0
1166,0
1167,1
1168,0
1169,1
1170,0
1171,0
1172,1
1173,0
1174,1
1175,0
1176,0
1177,1
1178,0
1179,0
1180,0
1181,1
1182,0
1183,0
1184,0
1185,0
1186,0
1187,0
1188,1
1189,0
1190,0
1191,0
1192,0
1193,0
1194,0
1195,0
1196,0
1197,0
1198,1
1199,0
1200,0
1201,1
1202,0
1203,0
1204,1
1205,0
1206,1
1207,1
1208,0
1209,0
1210,1
1211,1
1212,0
1213,0
1214,1
1215,0
1216,0
1217,0
1218,0
1219,1
1220,1
1221,1
1222,0
1223,0
1224,0
1225,0
1226,0
1227,0
1228,1
1229,0
1230,0
1231,0
1232,1
1233,0
1234,1
1235,0
1236,0
1237,0
1238,0
1239,1
1240,1
1241,0
1242,0
1243,0
1244,1
1245,1
1246,0
1247,1
1248,0
1249,1
1250,0
1251,1
1252,0
1253,0
1254,0
1255,1
1256,0
1257,0
1258,0
1259,1
1260,0
1261,0
1262,0
1263,0
1264,1
1265,0
1266,0
1267,0
1268,0
1269,0
1270,0
1271,0
1272,0
1273,0
1274,0
1275,0
1276,0
1277,0
1278,0
1279,0
1280,0
1281,1
1282,0
1283,0
1284,0
1285,0
1286,0
1287,1
1288,0
1289,0
1290,1
1291,0
1292,0
1293,0
1294,0
1295,1
1296,0
1297,0
1298,0
1299,0
1300,1
1301,0
1302,1
1303,0
1304,1
1305,1
1306,1
1307,0
1308,0
1309,1
1310,1
1311,0
1312,0
1313,0
1314,0
1315,1
1316,0
1317,0
1318,0
1319,0
1320,1
1321,1
1322,0
1323,1
1324,0
1325,0
1326,0
1327,0
1328,0
1329,0
1330,1
1331,1
1332,0
1333,0
1334,1
1335,1
1336,1
1337,0
1338,0
1339,0
1340,0
1341,1
1342,0
1343,1
1344,0
1345,0
1346,0
1347,0
1348,0
1349,1
1350,0
1351,0
1352,0
1353,0
1354,1
1355,1
1356,1
1357,1
1358,0
1359,0
1360,1
1361,1
1362,0
1363,0
1364,0
1365,0
1366,1
1367,0
1368,0
1369,0
1370,0
1371,1
1372,0
1373,0
1374,0
1375,0
1376,0
1377,0
1378,1
1379,1
1380,0
1381,0
1382,0
1383,0
1384,1
1385,0
1386,0
1387,0
1388,0
1389,0
1390,1
1391,1
1392,0
1393,0
1394,0
1395,0
1396,1
1397,1
1398,0
1399,0
1400,1
1401,0
1402,0
1403,0
1404,0
1405,1
1406,0
1407,1
1408,0
1409,0
1410,0
1411,0
1412,0
1413,0
1414,0
1415,0
1416,1
1417,0
1418,1
1419,0
1420,0
1421,0
1422,0
1423,1
1424,0
1425,0
1426,0
1427,0
1428,0
1429,1
1430,0
1431,1
1432,0
1433,0
1434,1
1435,0
1436,0
1437,0
1438,0
1439,0
1440,0
1441,0
1442,1
1443,0
1444,0
1445,0
1446,0
1447,0
1448,0
1449,0
1450,0
1451,1
1452,0
1453,1
1454,0
1455,1
1456,0
1457,0
1458,1
1459,0
1460,0
1461,0
1462,0
1463,0
1464,1
1465,0
1466,0
1467,1
1468,1
1469,0
1470,0
1471,0
1472,1
1473,1
1474,0
1475,0
1476,0
1477,0
1478,0
1479,0
1480,1
1481,1
1482,0
1483,0
1484,0
1485,0
1486,0
1487,1
1488,0
1489,1
1490,0
1491,0
1492,0
1493,1
1494,0
1495,0
1496,0
1497,0
1498,0
1499,0
1500,1
1501,0
1502,0
1503,0
1504,1
1505,0
1506,0
1507,0
1508,1
1509,0
1510,0
1511,0
1512,0
1513,0
1514,1
1515,0
1516,0
1517,1
1518,0
1519,0
1520,0
1521,0
1522,0
1523,0
1524,0
1525,1
1526,0
1527,0
1528,1
1529,0
1530,0
1531,0
1532,0
1533,1
1534,0
1535,0
1536,0
1537,0
1538,1
1539,0
1540,0
1541,0
1542,1
1543,0
1544,1
1545,0
1546,0
1547,0
1548,0
1549,0
1550,1
1551,1
1552,0
1553,1
1554,0
1555,0
1556,1
1557,0
1558,0
1559,1
1560,0
1561,0
1562,0
1563,0
1564,0
1565,0
1566,0
1567,1
1568,0
1569,0
1570,1
1571,0
1572,1
1573,1
1574,1
1575,0
1576,0
1577,0
1578,0
1579,0
1580,0
1581,0
1582,0
1583,0
1584,0
1585,0
1586,0
1587,1
1588,0
1589,0
1590,1
1591,0
1592,0
1593,0
1594,0
1595,1
1596,0
1597,1
1598,1
1599,0
1600,0
1601,0
1602,1
1603,0
1604,0
1605,0
1606,0
1607,1
1608,0
1609,0
1610,0
1611,0
1612,0
1613,1
1614,0
1615,0
1616,1
1617,0
1618,0
1619,1
1620,1
1621,0
1622,0
1623,0
1624,0
1625,0
1626,1
1627,1
1628,0
1629,0
1630,0
1631,0
1632,0
1633,0
1634,1
1635,0
1636,0
1637,0
1638,0
1639,1
1640,1
1641,0
1642,1
1643,0
1644,0
1645,1
1646,1
1647,0
1648,0
1649,0
1650,1
1651,0
1652,0
1653,1
1654,0
1655,0
1656,0
1657,1
1658,1
1659,1
1660,0
1661,0
1662,0
1663,0
1664,0
1665,1
1666,0
1667,0
1668,1
1669,0
1670,1
1671,0
1672,0
1673,0
1674,0
1675,0
1676,0
1677,0
1678,0
1679,0
1680,0
1681,1
1682,0
1683,0
1684,0
1685,0
1686,0
1687,0
1688,0
1689,1
1690,0
1691,1
1692,0
1693,0
1694,0
1695,0
1696,1
1697,1
1698,0
1699,1
1700,0
1701,0
1702,0
1703,1
1704,0
1705,0
1706,0
1707,0
1708,0
1709,0
1710,0
1711,0
1712,0
1713,0
1714,0
1715,0
1716,1
1717,0
1718,0
1719,0
1720,0
1721,0
1722,0
1723,0
1724,0
1725,1
1726,1
1727,0
1728,0
1729,1
1730,0
1731,1
1732,0
1733,0
1734,1
1735,0
1736,0
1737,1
1738,0
1739,0
1740,0
1741,0
1742,1
1743,0
1744,0
1745,0
1746,1
1747,0
1748,0
1749,0
1750,0
1751,0
1752,0
1753,0
1754,0
1755,0
1756,0
1757,0
1758,0
1759,0
1760,0
1761,0
1762,0
1763,0
1764,0
1765,1
1766,1
1767,1
1768,0
1769,0
1770,0
1771,0
1772,0
1773,0
1774,0
1775,1
1776,0
1777,0
1778,1
1779,1
1780,0
1781,1
1782,0
1783,0
1784,0
1785,1
1786,0
1787,0
1788,0
1789,0
1790,1
1791,0
1792,0
1793,0
1794,1
1795,0
1796,0
1797,0
1798,0
1799,0
1800,0
1801,0
1802,1
1803,1
1804,1
1805,0
1806,0
1807,0
1808,0
1809,0
1810,0
1811,0
1812,0
1813,0
1814,0
1815,0
1816,1
1817,1
1818,1
1819,0
1820,0
1821,0
1822,0
1823,0
1824,0
1825,0
1826,0
1827,1
1828,0
1829,1
1830,0
1831,1
1832,1
1833,0
1834,0
1835,1
1836,0
1837,0
1838,0
1839,0
1840,0
1841,0
1842,0
1843,0
1844,1
1845,0
1846,1
1847,1
1848,1
1849,1
1850,0
1851,1
1852,0
1853,1
1854,1
1855,0
1856,1
1857,0
1858,0
1859,0
1860,0
1861,0
1862,1
1863,0
1864,0
1865,0
1866,0
1867,0
1868,0
1869,0
1870,0
1871,0
1872,0
1873,0
1874,1
1875,1
1876,0
1877,0
1878,1
1879,0
1880,0
1881,0
1882,1
1883,0
1884,0
1885,1
1886,1
1887,0
1888,0
1889,0
1890,0
1891,0
1892,1
1893,1
1894,0
1895,0
1896,0
1897,0
1898,0
1899,1
1900,0
1901,0
1902,0
1903,0
1904,0
1905,0
1906,0
1907,0
1908,0
1909,0
1910,0
1911,1
1912,0
1913,0
1914,1
1915,0
1916,0
1917,0
1918,0
1919,0
1920,0
1921,1
1922,1
1923,1
1924,0
1925,0
1926,0
1927,0
1928,0
1929,1
1930,0
1931,0
1932,0
1933,0
1934,0
1935,0
1936,0
1937,0
1938,0
1939,1
1940,0
1941,0
1942,0
1943,1
1944,0
1945,1
1946,0
1947,0
1948,1
1949,1
1950,0
1951,0
1952,0
1953,0
1954,0
1955,0
1956,0
1957,0
1958,0
1959,0
1960,1
1961,0
1962,1
1963,0
1964,0
1965,1
1966,0
1967,0
1968,0
1969,1
1970,0
1971,1
1972,0
1973,0
1974,0
1975,0
1976,1
1977,0
1978,0
1979,1
1980,1
1981,0
1982,1
1983,1
1984,0
1985,1
1986,0
1987,0
1988,1
1989,0
1990,1
1991,0
1992,0
1993,1
1994,1
1995,0
1996,0
1997,0
1998,1
1999,1
2000,1
2001,1
2002,1
2003,1
2004,0
2005,1
2006,0
2007,1
2008,0
2009,0
2010,0
2011,1
2012,0
2013,1
2014,1
2015,0
2016,0
2017,0
2018,1
2019,0
2020,0
2021,0
2022,0
2023,0
2024,1
2025,0
2026,0
2027,1
2028,1
2029,0
2030,0
2031,0
2032,0
2033,1
2034,1
2035,0
2036,0
2037,0
2038,0
2039,0
2040,0
2041,0
2042,0
2043,1
2044,0
2045,0
2046,0
2047,0
2048,1
2049,1
2050,0
2051,0
2052,1
2053,0
2054,0
2055,0
2056,1
2057,0
2058,0
2059,0
2060,0
2061,0
2062,0
2063,0
2064,1
2065,1
2066,0
2067,0
2068,0
2069,1
2070,0
2071,0
2072,1
2073,0
2074,0
2075,0
2076,0
2077,0
2078,1
2079,1
2080,1
2081,1
2082,1
2083,0
2084,0
2085,0
2086,0
2087,0
2088,0
2089,0
2090,1
2091,1
2092,0
2093,0
2094,0
2095,0
2096,1
2097,0
2098,0
2099,1
2100,1
2101,0
2102,0
2103,0
2104,0
2105,0
2106,0
2107,0
2108,0
2109,0
2110,0
2111,1
2112,0
2113,0
2114,0
2115,0
2116,0
2117,0
2118,0
2119,1
2120,0
2121,0
2122,1
2123,0
2124,1
2125,1
2126,0
2127,0
2128,1
2129,0
2130,0
2131,0
2132,0
2133,0
2134,0
2135,1
2136,0
2137,0
2138,0
2139,0
2140,0
2141,0
2142,0
2143,0
2144,0
2145,0
2146,0
2147,0
2148,0
2149,0
2150,1
2151,1
2152,0
2153,0
2154,0
2155,0
2156,1
2157,0
2158,1
2159,0
2160,0
2161,0
2162,1
2163,1
2164,0
2165,0
2166,0
2167,0
2168,0
2169,0
2170,1
2171,0
2172,0
2173,0
2174,0
2175,0
2176,0
2177,0
2178,0
2179,1
2180,1
2181,0
2182,0
2183,0
2184,0
2185,0
2186,1
2187,0
2188,0
2189,1
2190,0
2191,0
2192,0
2193,0
2194,0
2195,0
2196,0
2197,1
2198,0
2199,1
2200,0
2201,1
2202,1
2203,1
2204,0
2205,0
2206,0
2207,0
2208,0
2209,1
2210,0
2211,0
2212,0
2213,0
2214,0
2215,0
2216,0
2217,0
2218,1
2219,1
2220,0
2221,0
2222,0
2223,0
2224,0
2225,0
2226,1
2227,0
2228,0
2229,0
2230,0
2231,0
2232,0
2233,0
2234,0
2235,0
2236,0
2237,0
2238,0
2239,1
2240,0
2241,1
2242,0
2243,0
2244,0
2245,0
2246,0
2247,0
2248,0
2249,0
2250,0
2251,0
2252,0
2253,0
2254,0
2255,1
2256,0
2257,1
2258,1
2259,0
2260,1
2261,0
2262,0
2263,0
2264,1
2265,1
2266,0
2267,0
2268,0
2269,1
2270,1
2271,0
2272,1
2273,0
2274,0
2275,0
2276,1
2277,1
2278,1
2279,0
2280,1
2281,0
2282,1
2283,0
2284,0
2285,1
2286,1
2287,0
2288,0
2289,1
2290,1
2291,0
2292,1
2293,0
2294,0
2295,1
2296,0
2297,0
2298,1
2299,0
2300,0
2301,0
2302,0
2303,0
2304,0
2305,0
2306,0
2307,0
2308,0
2309,0
2310,0
2311,0
2312,0
2313,0
2314,0
2315,0
2316,0
2317,0
2318,1
2319,1
2320,0
2321,0
2322,0
2323,0
2324,0
2325,0
2326,0
2327,0
2328,0
2329,0
2330,0
2331,1
2332,1
2333,0
2334,1
2335,0
2336,0
2337,0
2338,0
2339,0
2340,0
2341,0
2342,0
2343,0
2344,0
2345,0
2346,0
2347,0
2348,0
2349,0
2350,0
2351,0
2352,0
2353,0
2354,0
2355,0
2356,1
2357,0
2358,0
2359,0
2360,0
2361,1
2362,1
2363,0
2364,0
2365,0
2366,0
2367,0
2368,0
2369,0
2370,0
2371,0
2372,0
2373,1
2374,1
2375,0
2376,0
2377,0
2378,0
2379,0
2380,0
2381,0
2382,0
2383,0
2384,0
2385,0
2386,0
2387,0
2388,1
2389,0
2390,0
2391,0
2392,1
2393,0
2394,0
2395,0
2396,0
2397,0
2398,0
2399,0
2400,1
2401,1
2402,1
2403,0
2404,0
2405,0
2406,0
2407,1
2408,0
2409,0
2410,1
2411,0
2412,0
2413,0
2414,0
2415,0
2416,0
2417,0
2418,0
2419,1
2420,0
2421,0
2422,1
2423,1
2424,0
2425,0
2426,1
2427,0
2428,0
2429,0
2430,0
2431,0
2432,0
2433,1
2434,0
2435,0
2436,0
2437,1
2438,0
2439,1
2440,0
2441,1
2442,0
2443,1
2444,0
2445,0
2446,1
2447,1
2448,0
2449,0
2450,1
2451,0
2452,0
2453,0
2454,0
2455,0
2456,0
2457,0
2458,0
2459,1
2460,1
2461,0
2462,0
2463,1
2464,0
2465,0
2466,1
2467,0
2468,0
2469,0
2470,0
2471,0
2472,0
2473,0
2474,0
2475,1
2476,0
2477,0
2478,1
2479,0
2480,1
2481,0
2482,0
2483,1
2484,0
2485,0
2486,0
2487,1
2488,0
2489,1
2490,0
2491,0
2492,0
2493,0
2494,0
2495,0
2496,0
2497,0
2498,0
2499,1
2500,0
2501,0
2502,0
2503,0
2504,0
2505,1
2506,0
2507,0
2508,0
2509,1
2510,0
2511,1
2512,1
2513,0
2514,0
2515,0
2516,1
2517,0
2518,0
2519,0
2520,0
2521,1
2522,1
2523,1
2524,1
2525,0
2526,0
2527,0
2528,0
2529,0
2530,0
2531,1
2532,0
2533,0
2534,0
2535,0
2536,0
2537,0
2538,1
2539,0
2540,0
2541,0
2542,0
2543,0
2544,0
2545,0
2546,0
2547,0
2548,0
2549,0
2550,0
2551,0
2552,0
2553,0
2554,0
2555,1
2556,0
2557,0
2558,1
2559,1
2560,0
2561,0
2562,1
2563,0
2564,0
2565,1
2566,0
2567,0
2568,1
2569,1
2570,0
2571,0
2572,1
2573,1
2574,0
2575,0
2576,0
2577,0
2578,0
2579,0
2580,0
2581,0
2582,0
2583,0
2584,1
2585,0
2586,0
2587,0
2588,0
2589,0
2590,0
2591,0
2592,0
2593,0
2594,0
2595,0
2596,0
2597,0
2598,0
2599,0
2600,0
2601,0
2602,1
2603,1
2604,1
2605,1
2606,1
2607,0
2608,1
2609,1
2610,0
2611,1
2612,1
2613,0
2614,1
2615,0
2616,0
2617,0
2618,0
2619,0
2620,0
2621,0
2622,0
2623,0
2624,1
2625,0
2626,1
2627,0
2628,0
2629,1
2630,0
2631,0
2632,0
2633,1
2634,1
2635,0
2636,0
2637,1
2638,1
2639,1
2640,0
2641,0
2642,0
2643,0
2644,0
2645,0
2646,1
2647,0
2648,0
2649,1
2650,1
2651,0
2652,0
2653,0
2654,0
2655,0
2656,0
2657,1
2658,0
2659,0
2660,0
2661,0
2662,0
2663,1
2664,1
2665,0
2666,0
2667,0
2668,1
2669,0
2670,0
2671,0
2672,1
2673,0
2674,1
2675,0
2676,0
2677,1
2678,1
2679,0
2680,0
2681,1
2682,0
2683,1
2684,0
2685,1
2686,0
2687,0
2688,0
2689,0
2690,0
2691,0
2692,0
2693,0
2694,0
2695,0
2696,0
2697,0
2698,1
2699,0
2700,0
2701,1
2702,1
2703,1
2704,0
2705,0
2706,1
2707,0
2708,0
2709,0
2710,0
2711,0
2712,0
2713,0
2714,0
2715,1
2716,1
2717,0
2718,0
2719,0
2720,0
2721,0
2722,1
2723,0
2724,1
2725,0
2726,0
2727,0
2728,0
2729,0
2730,0
2731,0
2732,0
2733,0
2734,0
2735,1
2736,1
2737,0
2738,0
2739,0
2740,1
2741,0
2742,0
2743,1
2744,0
2745,0
2746,0
2747,1
2748,1
2749,0
2750,0
2751,1
2752,0
2753,0
2754,0
2755,0
2756,1
2757,0
2758,0
2759,0
2760,0
2761,0
2762,0
2763,0
2764,1
2765,1
2766,0
2767,0
2768,0
2769,0
2770,1
2771,1
2772,0
2773,0
2774,1
2775,1
2776,0
2777,0
2778,0
2779,1
2780,0
2781,0
2782,0
2783,0
2784,0
2785,1
2786,0
2787,0
2788,0
2789,0
2790,1
2791,0
2792,1
2793,1
2794,0
2795,0
2796,0
2797,1
2798,0
2799,1
2800,0
2801,0
2802,0
2803,0
2804,0
2805,0
2806,0
2807,1
2808,0
2809,0
2810,1
2811,0
2812,0
2813,1
2814,0
2815,0
2816,1
2817,1
2818,0
2819,0
2820,0
2821,0
2822,0
2823,0
2824,1
2825,0
2826,1
2827,0
2828,0
2829,0
2830,0
2831,0
2832,1
2833,0
2834,0
2835,0
2836,0
2837,0
2838,0
2839,1
2840,0
2841,0
2842,0
2843,0
2844,0
2845,0
2846,0
2847,0
2848,0
2849,0
2850,0
2851,0
2852,0
2853,0
2854,0
2855,0
2856,1
2857,1
2858,0
2859,0
2860,0
2861,0
2862,0
2863,0
2864,1
2865,0
2866,1
2867,0
2868,1
2869,0
2870,1
2871,0
2872,1
2873,0
2874,1
2875,0
2876,0
2877,0
2878,0
2879,0
2880,0
2881,0
2882,1
2883,1
2884,0
2885,1
2886,1
2887,0
2888,1
2889,1
2890,0
2891,0
2892,0
2893,0
2894,0
2895,1
2896,0
2897,0
2898,0
2899,1
2900,0
2901,0
2902,1
2903,1
2904,0
2905,0
2906,1
2907,0
2908,0
2909,0
2910,0
2911,0
2912,0
2913,0
2914,0
2915,0
2916,1
2917,1
2918,0
2919,1
2920,0
2921,0
2922,0
2923,0
2924,0
2925,0
2926,0
2927,0
2928,0
2929,0
2930,0
2931,0
2932,0
2933,0
2934,1
2935,1
2936,0
2937,0
2938,0
2939,0
2940,0
2941,0
2942,0
2943,1
2944,0
2945,0
2946,0
2947,0
2948,1
2949,1
2950,1
2951,0
2952,0
2953,0
2954,0
2955,1
2956,0
2957,1
2958,0
2959,0
2960,1
2961,0
2962,0
2963,0
2964,0
2965,1
2966,0
2967,0
2968,1
2969,1
2970,0
2971,0
2972,0
2973,0
2974,0
2975,0
2976,0
2977,0
2978,0
2979,0
2980,0
2981,0
2982,0
2983,0
2984,0
2985,1
2986,0
2987,0
2988,0
2989,0
2990,0
2991,0
2992,1
2993,0
2994,0
2995,1
2996,0
2997,0
2998,1
2999,1
3000,0
3001,1
3002,1
3003,0
3004,0
3005,0
3006,0
3007,0
3008,0
3009,0
3010,0
3011,1
3012,0
3013,0
3014,1
3015,0
3016,0
3017,0
3018,0
3019,0
3020,0
3021,1
3022,0
3023,1
3024,1
3025,1
3026,1
3027,0
3028,0
3029,1
3030,0
3031,0
3032,0
3033,0
3034,0
3035,1
3036,0
3037,1
3038,1
3039,1
3040,0
3041,0
3042,1
3043,0
3044,1
3045,1
3046,0
3047,0
3048,0
3049,0
3050,1
3051,0
3052,0
3053,1
3054,0
3055,0
3056,1
3057,0
3058,0
3059,0
3060,0
3061,0
3062,1
3063,0
3064,0
3065,0
3066,0
3067,0
3068,0
3069,0
3070,0
3071,1
3072,0
3073,1
3074,1
3075,0
3076,1
3077,0
3078,0
3079,0
3080,1
3081,0
3082,1
3083,0
3084,0
3085,1
3086,0
3087,1
3088,0
3089,0
3090,0
3091,0
3092,0
3093,1
3094,0
3095,0
3096,0
3097,1
3098,1
3099,0
3100,0
3101,0
3102,0
3103,0
3104,0
3105,0
3106,1
3107,0
3108,0
3109,0
3110,1
3111,0
3112,0
3113,0
3114,1
3115,0
3116,1
3117,0
3118,0
3119,0
3120,0
3121,0
3122,1
3123,0
3124,0
3125,0
3126,0
3127,0
3128,0
3129,0
3130,1
3131,1
3132,0
3133,1
3134,1
3135,0
3136,1
3137,1
3138,0
3139,0
3140,1
3141,1
3142,0
3143,0
3144,0
3145,0
3146,0
3147,0
3148,0
3149,0
3150,0
3151,0
3152,1
3153,1
3154,0
3155,0
3156,0
3157,0
3158,0
3159,0
3160,0
3161,0
3162,0
3163,0
3164,0
3165,0
3166,0
3167,1
3168,0
3169,0
3170,1
3171,0
3172,0
3173,1
3174,0
3175,0
3176,0
3177,0
3178,1
3179,0
3180,1
3181,0
3182,0
3183,1
3184,0
3185,0
3186,0
3187,0
3188,0
3189,1
3190,0
3191,0
3192,1
3193,0
3194,0
3195,1
3196,0
3197,0
3198,0
3199,0
3200,0
3201,0
3202,0
3203,0
3204,1
3205,0
3206,0
3207,0
3208,0
3209,0
3210,0
3211,1
3212,0
3213,0
3214,0
3215,0
3216,0
3217,0
3218,0
3219,1
3220,0
3221,0
3222,0
3223,0
3224,1
3225,0
3226,0
3227,0
3228,0
3229,0
3230,0
3231,0
3232,0
3233,0
3234,0
3235,1
3236,1
3237,0
3238,0
3239,0
3240,1
3241,1
3242,0
3243,1
3244,0
3245,0
3246,1
3247,0
3248,0
3249,0
3250,0
3251,0
3252,0
3253,0
3254,0
3255,1
3256,0
3257,1
3258,0
3259,0
3260,1
3261,0
3262,0
3263,0
3264,0
3265,0
3266,1
3267,1
3268,1
3269,0
3270,0
3271,1
3272,0
3273,0
3274,0
3275,0
3276,0
3277,0
3278,0
3279,0
3280,0
3281,1
3282,1
3283,0
3284,0
3285,0
3286,0
3287,0
3288,0
3289,1
3290,0
3291,0
3292,0
3293,0
3294,0
3295,0
3296,1
3297,1
3298,1
3299,0
3300,0
3301,0
3302,0
3303,0
3304,0
3305,1
3306,0
3307,0
3308,0
3309,0
3310,0
3311,0
3312,0
3313,1
3314,1
3315,0
3316,0
3317,1
3318,0
3319,0
3320,1
3321,1
3322,0
3323,0
3324,0
3325,1
3326,1
3327,0
3328,1
3329,0
3330,0
3331,0
3332,1
3333,0
3334,1
3335,0
3336,0
3337,0
3338,1
3339,0
3340,0
3341,0
3342,0
3343,1
3344,1
3345,1
3346,1
3347,0
3348,0
3349,0
3350,1
3351,1
3352,0
3353,0
3354,1
3355,0
3356,1
3357,0
3358,1
3359,0
3360,0
3361,0
3362,0
3363,0
3364,0
3365,1
3366,0
3367,1
3368,1
3369,0
3370,0
3371,0
3372,0
3373,0
3374,1
3375,0
3376,0
3377,1
3378,1
3379,1
3380,0
3381,0
3382,0
3383,0
3384,0
3385,0
3386,0
3387,0
3388,0
3389,0
3390,0
3391,0
3392,0
3393,0
3394,0
3395,0
3396,1
3397,0
3398,0
3399,0
3400,0
3401,0
3402,1
3403,0
3404,1
3405,1
3406,0
3407,0
3408,0
3409,1
3410,0
3411,0
3412,0
3413,0
3414,0
3415,0
3416,0
3417,1
3418,1
3419,0
3420,1
3421,0
3422,1
3423,0
3424,0
3425,1
3426,0
3427,0
3428,0
3429,0
3430,0
3431,0
3432,1
3433,1
3434,0
3435,0
3436,0
3437,0
3438,0
3439,0
3440,0
3441,0
3442,1
3443,0
3444,0
3445,0
3446,0
3447,0
3448,0
3449,1
3450,0
3451,0
3452,1
3453,0
3454,0
3455,0
3456,1
3457,0
3458,0
3459,0
3460,0
3461,1
3462,0
3463,0
3464,0
3465,0
3466,0
3467,1
3468,0
3469,0
3470,0
3471,0
3472,0
3473,1
3474,0
3475,0
3476,0
3477,0
3478,0
3479,1
3480,0
3481,0
3482,0
3483,0
3484,1
3485,0
3486,0
3487,0
3488,1
3489,1
3490,0
3491,0
3492,1
3493,1
3494,0
3495,0
3496,0
3497,0
3498,0
3499,0
3500,0
3501,0
3502,0
3503,0
3504,0
3505,0
3506,0
3507,0
3508,0
3509,0
3510,1
3511,1
3512,0
3513,0
3514,0
3515,0
3516,0
3517,0
3518,1
3519,1
3520,1
3521,1
3522,1
3523,0
3524,0
3525,0
3526,1
3527,0
3528,1
3529,0
3530,0
3531,0
3532,0
3533,1
3534,0
3535,0
3536,0
3537,0
3538,1
3539,0
3540,0
3541,0
3542,0
3543,0
3544,1
3545,1
3546,0
3547,0
3548,0
3549,1
3550,0
3551,0
3552,0
3553,0
3554,0
3555,1
3556,1
3557,0
3558,0
3559,1
3560,0
3561,1
3562,0
3563,0
3564,0
3565,0
3566,0
3567,0
3568,0
3569,0
3570,0
3571,1
3572,0
3573,0
3574,1
3575,0
3576,0
3577,0
3578,0
3579,0
3580,1
3581,1
3582,0
3583,0
3584,0
3585,1
3586,1
3587,1
3588,0
3589,1
3590,1
3591,0
3592,0
3593,0
3594,1
3595,0
3596,0
3597,1
3598,0
3599,0
3600,0
3601,0
3602,1
3603,0
3604,1
3605,0
3606,0
3607,0
3608,0
3609,1
3610,0
3611,1
3612,0
3613,0
3614,0
3615,1
3616,0
3617,0
3618,0
3619,0
3620,0
3621,0
3622,0
3623,0
3624,1
3625,1
3626,0
3627,0
3628,0
3629,0
3630,0
3631,1
3632,1
3633,0
3634,1
3635,0
3636,0
3637,0
3638,0
3639,0
3640,0
3641,0
3642,0
3643,0
3644,0
3645,0
3646,1
3647,0
3648,0
3649,0
3650,0
3651,0
3652,0
3653,0
3654,0
3655,0
3656,1
3657,0
3658,0
3659,0
3660,1
3661,0
3662,0
3663,0
3664,0
3665,1
3666,1
3667,1
3668,1
3669,0
3670,0
3671,0
3672,0
3673,1
3674,1
3675,1
3676,1
3677,0
3678,0
3679,0
3680,1
3681,1
3682,0
3683,1
3684,1
3685,0
3686,0
3687,0
3688,1
3689,0
3690,1
3691,0
3692,0
3693,0
3694,1
3695,0
3696,1
3697,0
3698,0
3699,0
3700,0
3701,0
3702,0
3703,0
3704,0
3705,0
3706,0
3707,1
3708,0
3709,0
3710,1
3711,0
3712,0
3713,0
3714,0
3715,1
3716,0
3717,0
3718,0
3719,1
3720,1
3721,1
3722,0
3723,0
3724,1
3725,0
3726,0
3727,0
3728,0
3729,0
3730,0
3731,1
3732,0
3733,0
3734,0
3735,0
3736,0
3737,1
3738,0
3739,1
3740,1
3741,0
3742,0
3743,1
3744,0
3745,0
3746,0
3747,0
3748,0
3749,1
3750,1
3751,0
3752,0
3753,1
3754,0
3755,0
3756,0
3757,1
3758,0
3759,0
3760,1
3761,0
3762,0
3763,0
3764,0
3765,1
3766,1
3767,1
3768,0
3769,1
3770,0
3771,0
3772,0
3773,1
3774,0
3775,0
3776,0
3777,0
3778,1
3779,1
3780,0
3781,0
3782,1
3783,0
3784,1
3785,0
3786,1
3787,0
3788,0
3789,0
3790,1
3791,0
3792,0
3793,1
3794,0
3795,1
3796,0
3797,1
3798,0
3799,1
3800,0
3801,1
3802,0
3803,0
3804,0
3805,0
3806,0
3807,0
3808,0
3809,1
3810,0
3811,0
3812,0
3813,0
3814,0
3815,1
3816,0
3817,0
3818,0
3819,0
3820,0
3821,0
3822,1
3823,1
3824,1
3825,0
3826,0
3827,1
3828,0
3829,0
3830,1
3831,0
3832,0
3833,0
3834,1
3835,0
3836,1
3837,1
3838,1
3839,0
3840,0
3841,0
3842,1
3843,0
3844,0
3845,0
3846,0
3847,0
3848,0
3849,0
3850,0
3851,0
3852,0
3853,0
3854,0
3855,0
3856,0
3857,1
3858,0
3859,0
3860,0
3861,1
3862,0
3863,0
3864,1
3865,0
3866,0
3867,0
3868,1
3869,0
3870,1
3871,0
3872,1
3873,0
3874,0
3875,0
3876,0
3877,0
3878,0
3879,0
3880,1
3881,1
3882,0
3883,1
3884,0
3885,0
3886,0
3887,0
3888,0
3889,0
3890,0
3891,0
3892,0
3893,0
3894,0
3895,0
3896,0
3897,0
3898,1
3899,1
3900,0
3901,0
3902,0
3903,1
3904,1
3905,0
3906,0
3907,0
3908,0
3909,0
3910,1
3911,1
3912,1
3913,0
3914,0
3915,0
3916,1
3917,1
3918,0
3919,0
3920,1
3921,0
3922,0
3923,0
3924,0
3925,1
3926,0
3927,0
3928,0
3929,0
3930,0
3931,0
3932,1
3933,0
3934,0
3935,1
3936,0
3937,0
3938,1
3939,1
3940,0
3941,0
3942,0
3943,1
3944,0
3945,0
3946,1
3947,0
3948,0
3949,1
3950,0
3951,1
3952,0
3953,0
3954,0
3955,1
3956,0
3957,0
3958,0
3959,0
3960,0
3961,0
3962,0
3963,0
3964,1
3965,0
3966,0
3967,0
3968,1
3969,1
3970,0
3971,0
3972,0
3973,1
3974,0
3975,0
3976,1
3977,0
3978,0
3979,0
3980,1
3981,0
3982,0
3983,0
3984,1
3985,0
3986,0
3987,1
3988,1
3989,0
3990,0
3991,0
3992,1
3993,0
3994,0
3995,0
3996,0
3997,0
3998,1
3999,0
4000,0
4001,0
4002,0
4003,0
4004,0
4005,1
4006,0
4007,0
4008,0
4009,0
4010,0
4011,0
4012,1
4013,0
4014,1
4015,0
4016,0
4017,0
4018,1
4019,0
4020,1
4021,0
4022,0
4023,0
4024,0
4025,0
4026,0
4027,0
4028,0
4029,0
4030,0
4031,0
4032,0
4033,0
4034,0
4035,0
4036,0
4037,0
4038,1
4039,0
4040,0
4041,0
4042,0
4043,0
4044,0
4045,1
4046,0
4047,0
4048,0
4049,1
4050,0
4051,1
4052,1
4053,0
4054,0
4055,1
4056,1
4057,0
4058,1
4059,0
4060,0
4061,0
4062,0
4063,0
4064,0
4065,0
4066,1
4067,1
4068,0
4069,0
4070,0
4071,1
4072,0
4073,0
4074,1
4075,1
4076,1
4077,1
4078,0
4079,0
4080,0
4081,1
4082,1
4083,0
4084,0
4085,0
4086,0
4087,0
4088,0
4089,0
4090,0
4091,1
4092,0
4093,0
4094,0
4095,0
4096,0
4097,0
4098,0
4099,1
4100,0
4101,0
4102,1
4103,0
4104,0
4105,0
4106,0
4107,0
4108,0
4109,0
4110,0
4111,0
4112,0
4113,0
4114,1
4115,0
4116,0
4117,0
4118,0
4119,0
4120,0
4121,1
4122,0
4123,0
4124,1
4125,1
4126,0
4127,0
4128,0
4129,0
4130,0
4131,1
4132,0
4133,1
4134,0
4135,0
4136,1
4137,0
4138,0
4139,1
4140,0
4141,0
4142,1
4143,0
4144,0
4145,0
4146,0
4147,1
4148,0
4149,0
4150,0
4151,0
4152,0
4153,0
4154,0
4155,0
4156,0
4157,0
4158,0
4159,0
4160,0
4161,0
4162,1
4163,0
4164,1
4165,0
4166,0
4167,1
4168,0
4169,0
4170,0
4171,0
4172,0
4173,1
4174,0
4175,1
4176,0
4177,1
4178,0
4179,0
4180,0
4181,1
4182,0
4183,1
4184,0
4185,0
4186,0
4187,0
4188,0
4189,0
4190,0
4191,0
4192,1
4193,0
4194,0
4195,0
4196,0
4197,0
4198,0
4199,0
4200,0
4201,0
4202,0
4203,0
4204,1
4205,1
4206,1
4207,1
4208,0
4209,0
4210,0
4211,0
4212,0
4213,0
4214,0
4215,0
4216,0
4217,0
4218,0
4219,1
4220,0
4221,1
4222,0
4223,1
4224,0
4225,1
4226,0
4227,0
4228,0
4229,0
4230,1
4231,0
4232,0
4233,1
4234,1
4235,0
4236,0
4237,0
4238,0
4239,0
4240,0
4241,0
4242,0
4243,0
4244,0
4245,0
4246,0
4247,1
4248,1
4249,0
4250,0
4251,1
4252,1
4253,0
4254,0
4255,1
4256,0
4257,0
4258,1
4259,1
4260,0
4261,0
4262,1
4263,0
4264,0
4265,1
4266,1
4267,0
4268,0
4269,1
4270,0
4271,0
4272,0
4273,0
4274,0
4275,0
4276,0
4277,0
4278,0
4279,0
4280,1
4281,1
4282,0
4283,1
4284,0
4285,1
4286,1
4287,0
4288,0
4289,1
4290,0
4291,0
4292,0
4293,0
4294,0
4295,0
4296,0
4297,0
4298,0
4299,0
4300,1
4301,0
4302,0
4303,0
4304,1
4305,0
4306,0
4307,1
4308,1
4309,0
4310,0
4311,0
4312,0
4313,0
4314,0
4315,0
4316,1
4317,0
4318,0
4319,1
4320,0
4321,0
4322,1
4323,1
4324,0
4325,0
4326,0
4327,0
4328,0
4329,0
4330,0
4331,0
4332,0
4333,0
4334,1
4335,0
4336,1
4337,0
4338,0
4339,0
4340,0
4341,1
4342,1
4343,0
4344,0
4345,0
4346,1
4347,0
4348,0
4349,0
4350,0
4351,0
4352,0
4353,0
4354,0
4355,0
4356,0
4357,0
4358,0
4359,0
4360,0
4361,1
4362,1
4363,0
4364,0
4365,0
4366,0
4367,0
4368,0
4369,0
4370,0
4371,0
4372,0
4373,1
4374,0
4375,0
4376,1
4377,0
4378,1
4379,0
4380,0
4381,0
4382,0
4383,0
4384,0
4385,1
4386,0
4387,1
4388,1
4389,0
4390,0
4391,0
4392,0
4393,0
4394,1
4395,0
4396,0
4397,1
4398,0
4399,0
4400,0
4401,0
4402,0
4403,0
4404,0
4405,1
4406,0
4407,0
4408,0
4409,1
4410,1
4411,0
4412,0
4413,0
4414,0
4415,0
4416,1
4417,0
4418,0
4419,0
4420,1
4421,0
4422,0
4423,0
4424,0
4425,0
4426,0
4427,0
4428,0
4429,0
4430,0
4431,0
4432,0
4433,0
4434,1
4435,0
4436,1
4437,0
4438,1
4439,0
4440,1
4441,0
4442,1
4443,0
4444,0
4445,1
4446,0
4447,1
4448,0
4449,0
4450,1
4451,1
4452,0
4453,0
4454,1
4455,1
4456,1
4457,0
4458,1
4459,0
4460,1
4461,0
4462,0
4463,1
4464,0
4465,0
4466,0
4467,0
4468,1
4469,0
4470,0
4471,0
4472,1
4473,0
4474,1
4475,0
4476,0
4477,0
4478,0
4479,0
4480,1
4481,0
4482,0
4483,0
4484,0
4485,0
4486,0
4487,1
4488,0
4489,0
4490,0
4491,1
4492,0
4493,0
4494,1
4495,1
4496,0
4497,0
4498,0
4499,0
4500,0
4501,1
4502,0
4503,0
4504,0
4505,1
4506,0
4507,0
4508,0
4509,1
4510,1
4511,0
4512,1
4513,0
4514,0
4515,0
4516,1
4517,0
4518,0
4519,1
4520,0
4521,0
4522,0
4523,1
4524,1
4525,0
4526,0
4527,1
4528,1
4529,0
4530,1
4531,1
4532,0
4533,1
4534,0
4535,0
4536,1
4537,0
4538,1
4539,0
4540,1
4541,0
4542,0
4543,0
4544,0
4545,0
4546,0
4547,0
4548,1
4549,0
4550,1
4551,0
4552,0
4553,0
4554,0
4555,1
4556,1
4557,0
4558,0
4559,0
4560,0
4561,1
4562,0
4563,0
4564,0
4565,0
4566,0
4567,0
4568,0
4569,0
4570,0
4571,0
4572,0
4573,0
4574,0
4575,0
4576,0
4577,1
4578,0
4579,0
4580,0
4581,0
4582,0
4583,0
4584,0
4585,0
4586,1
4587,0
4588,0
4589,1
4590,0
4591,0
4592,0
4593,0
4594,0
4595,0
4596,0
4597,0
4598,0
4599,0
4600,0
4601,0
4602,1
4603,0
4604,0
4605,1
4606,0
4607,0
4608,0
4609,0
4610,0
4611,1
4612,0
4613,0
4614,0
4615,0
4616,1
4617,0
4618,0
4619,0
4620,0
4621,0
4622,0
4623,1
4624,1
4625,0
4626,0
4627,0
4628,0
4629,0
4630,1
4631,0
4632,1
4633,0
4634,1
4635,0
4636,0
4637,1
4638,0
4639,0
4640,0
4641,0
4642,0
4643,1
4644,0
4645,1
4646,0
4647,0
4648,0
4649,0
4650,0
4651,0
4652,1
4653,0
4654,0
4655,1
4656,1
4657,0
4658,0
4659,0
4660,0
4661,0
4662,0
4663,1
4664,0
4665,1
4666,0
4667,1
4668,0
4669,1
4670,1
4671,0
4672,0
4673,1
4674,1
4675,0
4676,1
4677,0
4678,0
4679,1
4680,0
4681,0
4682,0
4683,1
4684,0
4685,0
4686,0
4687,0
4688,0
4689,0
4690,1
4691,0
4692,0
4693,0
4694,0
4695,1
4696,0
4697,0
4698,1
4699,0
4700,0
4701,0
4702,0
4703,0
4704,0
4705,0
4706,0
4707,0
4708,0
4709,0
4710,0
4711,1
4712,0
4713,1
4714,0
4715,1
4716,0
4717,1
4718,0
4719,0
4720,0
4721,0
4722,0
4723,0
4724,0
4725,0
4726,1
4727,0
4728,0
4729,0
4730,1
4731,0
4732,1
4733,0
4734,0
4735,0
4736,0
4737,0
4738,1
4739,0
4740,0
4741,1
4742,0
4743,1
4744,0
4745,1
4746,0
4747,0
4748,0
4749,1
4750,0
4751,1
4752,0
4753,0
4754,0
4755,0
4756,1
4757,0
4758,0
4759,0
4760,0
4761,0
4762,0
4763,1
4764,0
4765,1
4766,0
4767,1
4768,0
4769,0
4770,0
4771,0
4772,0
4773,0
4774,0
4775,0
4776,0
4777,1
4778,0
4779,0
4780,0
4781,1
4782,0
4783,0
4784,1
4785,0
4786,0
4787,1
4788,0
4789,0
4790,0
4791,0
4792,1
4793,0
4794,0
4795,0
4796,0
4797,0
4798,0
4799,0
4800,0
4801,0
4802,1
4803,1
4804,1
4805,0
4806,1
4807,1
4808,0
4809,0
4810,0
4811,1
4812,0
4813,0
4814,0
4815,1
4816,0
4817,0
4818,1
4819,1
4820,0
4821,0
4822,0
4823,0
4824,0
4825,0
4826,0
4827,0
4828,0
4829,1
4830,0
4831,1
4832,0
4833,0
4834,1
4835,0
4836,0
4837,0
4838,0
4839,1
4840,1
4841,0
4842,0
4843,1
4844,0
4845,0
4846,0
4847,0
4848,1
4849,0
4850,0
4851,0
4852,0
4853,0
4854,1
4855,0
4856,0
4857,0
4858,0
4859,0
4860,1
4861,0
4862,0
4863,0
4864,0
4865,0
4866,1
4867,1
4868,1
4869,0
4870,0
4871,0
4872,0
4873,0
4874,0
4875,1
4876,0
4877,0
4878,0
4879,0
4880,0
4881,0
4882,0
4883,0
4884,0
4885,1
4886,0
4887,0
4888,0
4889,0
4890,1
4891,1
4892,1
4893,1
4894,0
4895,1
4896,0
4897,0
4898,0
4899,0
4900,1
4901,0
4902,1
4903,0
4904,1
4905,0
4906,0
4907,0
4908,0
4909,0
4910,0
4911,0
4912,0
4913,0
4914,0
4915,0
4916,1
4917,0
4918,0
4919,0
4920,1
4921,0
4922,0
4923,0
4924,0
4925,0
4926,0
4927,0
4928,0
4929,0
4930,1
4931,0
4932,0
4933,1
4934,1
4935,0
4936,0
4937,0
4938,1
4939,1
4940,0
4941,1
4942,1
4943,0
4944,0
4945,0
4946,1
4947,1
4948,1
4949,0
4950,0
4951,1
4952,1
4953,0
4954,0
4955,0
4956,1
4957,1
4958,0
4959,1
4960,0
4961,0
4962,0
4963,0
4964,0
4965,0
4966,1
4967,0
4968,0
4969,0
4970,1
4971,0
4972,0
4973,1
4974,1
4975,1
4976,0
4977,0
4978,0
4979,0
4980,0
4981,0
4982,0
4983,1
4984,0
4985,0
4986,1
4987,1
4988,0
4989,1
4990,0
4991,0
4992,0
4993,1
4994,0
4995,1
4996,0
4997,1
4998,1
4999,0
5000,0
5001,0
5002,0
5003,0
5004,0
5005,0
5006,0
5007,0
5008,1
5009,0
5010,0
5011,0
5012,0
5013,0
5014,0
5015,1
5016,0
5017,0
5018,0
5019,1
5020,0
5021,0
5022,1
5023,0
5024,0
5025,0
5026,0
5027,0
5028,1
5029,1
5030,0
5031,1
5032,0
5033,0
5034,0
5035,1
5036,0
5037,0
5038,0
5039,0
5040,0
5041,1
5042,1
5043,0
5044,0
5045,0
5046,0
5047,0
5048,0
5049,0
5050,0
5051,1
5052,0
5053,0
5054,1
5055,1
5056,1
5057,0
5058,0
5059,0
5060,0
5061,1
5062,1
5063,0
5064,0
5065,0
5066,0
5067,0
5068,1
5069,0
5070,0
5071,0
5072,0
5073,0
5074,0
5075,0
5076,0
5077,0
5078,1
5079,0
5080,0
5081,0
5082,1
5083,1
5084,0
5085,0
5086,0
5087,0
5088,0
5089,0
5090,1
5091,1
5092,1
5093,0
5094,0
5095,0
5096,0
5097,1
5098,0
5099,0
5100,0
5101,0
5102,0
5103,1
5104,1
5105,0
5106,0
5107,0
5108,1
5109,0
5110,0
5111,0
5112,1
5113,0
5114,0
5115,1
5116,0
5117,1
5118,0
5119,1
5120,0
5121,0
5122,1
5123,1
5124,0
5125,1
5126,1
5127,0
5128,0
5129,0
5130,0
5131,0
5132,0
5133,0
5134,0
5135,0
5136,0
5137,0
5138,0
5139,0
5140,0
5141,0
5142,0
5143,0
5144,0
5145,0
5146,1
5147,0
5148,0
5149,0
5150,0
5151,0
5152,0
5153,0
5154,0
5155,0
5156,0
5157,1
5158,0
5159,0
5160,1
5161,0
5162,0
5163,0
5164,0
5165,0
5166,1
5167,0
5168,0
5169,1
5170,0
5171,1
5172,0
5173,0
5174,0
5175,1
5176,0
5177,0
5178,1
5179,0
5180,0
5181,0
5182,0
5183,0
5184,0
5185,0
5186,1
5187,0
5188,0
5189,0
5190,1
5191,0
5192,0
5193,0
5194,0
5195,0
5196,0
5197,0
5198,0
5199,1
5200,0
5201,0
5202,1
5203,1
5204,0
5205,0
5206,1
5207,1
5208,1
5209,0
5210,0
5211,0
5212,0
5213,0
5214,0
5215,0
5216,0
5217,0
5218,0
5219,0
5220,1
5221,0
5222,1
5223,0
5224,1
5225,0
5226,0
5227,0
5228,0
5229,0
5230,0
5231,0
5232,0
5233,1
5234,0
5235,0
5236,0
5237,1
5238,1
5239,0
5240,0
5241,0
5242,1
5243,0
5244,0
5245,0
5246,0
5247,1
5248,1
5249,1
5250,0
5251,0
5252,0
5253,0
5254,0
5255,0
5256,0
5257,0
5258,0
5259,0
5260,0
5261,1
5262,0
5263,1
5264,0
5265,0
5266,1
5267,0
5268,1
5269,0
5270,0
5271,0
5272,0
5273,1
5274,0
5275,1
5276,0
5277,1
5278,0
5279,1
5280,0
5281,0
5282,0
5283,0
5284,0
5285,0
5286,0
5287,0
5288,0
5289,0
5290,1
5291,1
5292,1
5293,0
5294,0
5295,0
5296,0
5297,1
5298,0
5299,0
5300,0
5301,0
5302,1
5303,1
5304,0
5305,0
5306,1
5307,0
5308,1
5309,0
5310,0
5311,0
5312,0
5313,0
5314,0
5315,0
5316,0
5317,1
5318,0
5319,0
5320,1
5321,1
5322,0
5323,0
5324,1
5325,1
5326,0
5327,0
5328,0
5329,0
5330,0
5331,0
5332,1
5333,1
5334,0
5335,0
5336,1
5337,0
5338,0
5339,0
5340,0
5341,0
5342,1
5343,0
5344,0
5345,0
5346,0
5347,0
5348,0
5349,0
5350,1
5351,1
5352,0
5353,0
5354,0
5355,1
5356,0
5357,0
5358,0
5359,1
5360,0
5361,0
5362,1
5363,0
5364,0
5365,1
5366,1
5367,0
5368,0
5369,0
5370,0
5371,1
5372,1
5373,0
5374,1
5375,0
5376,1
5377,0
5378,0
5379,1
5380,0
5381,1
5382,0
5383,0
5384,1
5385,0
5386,1
5387,0
5388,1
5389,0
5390,0
5391,0
5392,0
5393,0
5394,0
5395,0
5396,0
5397,0
5398,0
5399,0
5400,1
5401,0
5402,1
5403,0
5404,0
5405,1
5406,0
5407,0
5408,0
5409,0
5410,0
5411,0
5412,0
5413,0
5414,1
5415,0
5416,0
5417,0
5418,0
5419,1
5420,0
5421,1
5422,0
5423,1
5424,0
5425,0
5426,0
5427,0
5428,1
5429,1
5430,1
5431,0
5432,1
5433,0
5434,0
5435,0
5436,0
5437,1
5438,0
5439,0
5440,0
5441,1
5442,0
5443,0
5444,0
5445,1
5446,0
5447,1
5448,0
5449,1
5450,0
5451,0
5452,0
5453,0
5454,1
5455,0
5456,0
5457,0
5458,0
5459,1
5460,0
5461,0
5462,0
5463,0
5464,0
5465,0
5466,1
5467,1
5468,0
5469,0
5470,0
5471,0
5472,1
5473,1
5474,1
5475,0
5476,0
5477,0
5478,0
5479,0
5480,0
5481,0
5482,0
5483,0
5484,1
5485,1
5486,1
5487,0
5488,1
5489,1
5490,1
5491,0
5492,0
5493,1
5494,0
5495,1
5496,0
5497,0
5498,0
5499,0
5500,1
5501,0
5502,0
5503,0
5504,0
5505,0
5506,0
5507,1
5508,0
5509,1
5510,0
5511,0
5512,0
5513,1
5514,0
5515,0
5516,0
5517,0
5518,0
5519,0
5520,0
5521,0
5522,0
5523,0
5524,0
5525,0
5526,0
5527,1
5528,0
5529,1
5530,0
5531,1
5532,1
5533,0
5534,0
5535,1
5536,0
5537,0
5538,1
5539,0
5540,1
5541,0
5542,0
5543,0
5544,1
5545,0
5546,0
5547,1
5548,0
5549,0
5550,0
5551,0
5552,0
5553,0
5554,0
5555,0
5556,1
5557,0
5558,0
5559,0
5560,1
5561,0
5562,0
5563,0
5564,1
5565,0
5566,0
5567,1
5568,0
5569,0
5570,1
5571,0
5572,1
5573,0
5574,1
5575,1
5576,1
5577,0
5578,0
5579,1
5580,1
5581,0
5582,1
5583,0
5584,0
5585,0
5586,0
5587,0
5588,1
5589,0
5590,1
5591,1
5592,0
5593,0
5594,1
5595,0
5596,0
5597,0
5598,1
5599,0
5600,1
5601,1
5602,0
5603,0
5604,0
5605,0
5606,1
5607,0
5608,0
5609,0
5610,0
5611,0
5612,1
5613,1
5614,0
5615,0
5616,0
5617,0
5618,0
5619,1
5620,1
5621,1
5622,0
5623,0
5624,0
5625,1
5626,0
5627,1
5628,0
5629,1
5630,0
5631,1
5632,0
5633,0
5634,1
5635,1
5636,0
5637,1
5638,0
5639,0
5640,0
5641,0
5642,1
5643,0
5644,1
5645,0
5646,0
5647,0
5648,0
5649,0
5650,0
5651,0
5652,0
5653,1
5654,0
5655,1
5656,0
5657,0
5658,0
5659,0
5660,0
5661,1
5662,0
5663,0
5664,0
5665,0
5666,0
5667,0
5668,0
5669,1
5670,1
5671,1
5672,0
5673,0
5674,1
5675,1
5676,0
5677,1
5678,0
5679,0
5680,0
5681,0
5682,0
5683,0
5684,0
5685,0
5686,0
5687,1
5688,1
5689,1
5690,0
5691,0
5692,0
5693,1
5694,0
5695,0
5696,0
5697,1
5698,0
5699,0
5700,0
5701,0
5702,1
5703,0
5704,0
5705,1
5706,1
5707,0
5708,0
5709,1
5710,0
5711,0
5712,0
5713,1
5714,0
5715,1
5716,0
5717,0
5718,0
5719,1
5720,0
5721,0
5722,0
5723,0
5724,0
5725,0
5726,0
5727,0
5728,0
5729,1
5730,0
5731,0
5732,1
5733,0
5734,0
5735,0
5736,0
5737,1
5738,0
5739,0
5740,0
5741,1
5742,0
5743,0
5744,0
5745,0
5746,0
5747,0
5748,0
5749,0
5750,1
5751,0
5752,0
5753,0
5754,0
5755,0
5756,1
5757,0
5758,0
5759,0
5760,0
5761,0
5762,0
5763,0
5764,0
5765,0
5766,0
5767,0
5768,0
5769,0
5770,1
5771,0
5772,0
5773,1
5774,1
5775,0
5776,0
5777,0
5778,1
5779,0
5780,0
5781,0
5782,0
5783,1
5784,0
5785,0
5786,0
5787,0
5788,0
5789,1
5790,1
5791,0
5792,0
5793,0
5794,1
5795,0
5796,0
5797,1
5798,0
5799,0
5800,0
5801,1
5802,0
5803,1
5804,0
5805,0
5806,1
5807,0
5808,1
5809,0
5810,0
5811,0
5812,0
5813,0
5814,0
5815,0
5816,1
5817,1
5818,0
5819,0
5820,0
5821,0
5822,1
5823,1
5824,0
5825,0
5826,0
5827,0
5828,0
5829,0
5830,0
5831,0
5832,1
5833,0
5834,0
5835,0
5836,1
5837,0
5838,0
5839,0
5840,0
5841,1
5842,0
5843,1
5844,0
5845,0
5846,0
5847,0
5848,1
5849,0
5850,0
5851,1
5852,0
5853,0
5854,1
5855,0
5856,0
5857,0
5858,0
5859,0
5860,0
5861,1
5862,1
5863,1
5864,0
5865,1
5866,0
5867,1
5868,1
5869,0
5870,0
5871,1
5872,0
5873,0
5874,0
5875,1
5876,0
5877,0
5878,0
5879,1
5880,0
5881,0
5882,1
5883,0
5884,0
5885,1
5886,0
5887,0
5888,0
5889,0
5890,0
5891,1
5892,1
5893,0
5894,0
5895,0
5896,0
5897,1
5898,0
5899,1
5900,0
5901,0
5902,0
5903,1
5904,0
5905,0
5906,0
5907,0
5908,0
5909,0
5910,0
5911,0
5912,0
5913,0
5914,0
5915,0
5916,0
5917,0
5918,0
5919,0
5920,0
5921,0
5922,1
5923,1
5924,1
5925,1
5926,0
5927,0
5928,1
5929,0
5930,0
5931,0
5932,0
5933,1
5934,1
5935,1
5936,0
5937,1
5938,1
5939,0
5940,0
5941,0
5942,0
5943,0
5944,0
5945,0
5946,0
5947,1
5948,1
5949,0
5950,0
5951,0
5952,0
5953,0
5954,0
5955,0
5956,0
5957,1
5958,1
5959,1
5960,0
5961,0
5962,0
5963,1
5964,0
5965,0
5966,1
5967,0
5968,0
5969,0
5970,0
5971,0
5972,0
5973,0
5974,0
5975,1
5976,0
5977,0
5978,0
5979,0
5980,1
5981,0
5982,1
5983,1
5984,0
5985,1
5986,0
5987,0
5988,0
5989,0
5990,0
5991,0
5992,0
5993,1
5994,0
5995,0
5996,0
5997,0
5998,0
5999,0
6000,1
6001,0
6002,0
6003,1
6004,0
6005,0
6006,0
6007,1
6008,0
6009,0
6010,0
6011,0
6012,0
6013,0
6014,0
6015,1
6016,0
6017,0
6018,0
6019,1
6020,0
6021,1
6022,0
6023,1
6024,1
6025,0
6026,1
6027,0
6028,0
6029,1
6030,1
6031,1
6032,0
6033,0
6034,1
6035,0
6036,0
6037,0
6038,0
6039,1
6040,0
6041,0
6042,0
6043,0
6044,0
6045,1
6046,0
6047,0
6048,0
6049,0
6050,0
6051,0
6052,0
6053,0
6054,0
6055,1
6056,0
6057,1
6058,0
6059,1
6060,0
6061,0
6062,0
6063,0
6064,0
6065,1
6066,0
6067,0
6068,0
6069,0
6070,0
6071,1
6072,0
6073,1
6074,0
6075,0
6076,1
6077,0
6078,0
6079,1
6080,1
6081,0
6082,1
6083,0
6084,0
6085,0
6086,0
6087,0
6088,0
6089,0
6090,0
6091,1
6092,0
6093,0
6094,0
6095,0
6096,1
6097,1
6098,0
6099,0
6100,0
6101,0
6102,0
6103,0
6104,0
6105,0
6106,0
6107,0
6108,0
6109,0
6110,0
6111,0
6112,0
6113,0
6114,0
6115,0
6116,1
6117,1
6118,0
6119,0
6120,0
6121,0
6122,1
6123,0
6124,0
6125,0
6126,0
6127,0
6128,1
6129,0
6130,0
6131,0
6132,1
6133,1
6134,0
6135,0
6136,0
6137,1
6138,0
6139,0
6140,0
6141,0
6142,1
6143,1
6144,0
6145,0
6146,1
6147,0
6148,1
6149,0
6150,0
6151,0
6152,0
6153,0
6154,0
6155,0
6156,0
6157,1
6158,0
6159,1
6160,1
6161,0
6162,0
6163,1
6164,0
6165,1
6166,0
6167,1
6168,1
6169,0
6170,1
6171,0
6172,0
6173,0
6174,0
6175,0
6176,0
6177,1
6178,0
6179,0
6180,0
6181,1
6182,0
6183,0
6184,0
6185,0
6186,1
6187,0
6188,1
6189,0
6190,1
6191,0
6192,0
6193,1
6194,0
6195,0
6196,1
6197,0
6198,1
6199,0
6200,0
6201,0
6202,1
6203,0
6204,0
6205,0
6206,1
6207,0
6208,0
6209,0
6210,1
6211,0
6212,0
6213,0
6214,1
6215,0
6216,0
6217,0
6218,1
6219,0
6220,0
6221,0
6222,1
6223,1
6224,0
6225,0
6226,1
6227,0
6228,1
6229,0
6230,0
6231,1
6232,1
6233,0
6234,0
6235,0
6236,0
6237,0
6238,0
6239,0
6240,0
6241,0
6242,0
6243,0
6244,0
6245,0
6246,0
6247,1
6248,1
6249,0
6250,0
6251,0
6252,0
6253,0
6254,0
6255,0
6256,0
6257,1
6258,1
6259,0
6260,0
6261,0
6262,0
6263,0
6264,1
6265,0
6266,0
6267,0
6268,1
6269,0
6270,0
6271,0
6272,0
6273,0
6274,1
6275,0
6276,0
6277,0
6278,1
6279,0
6280,1
6281,1
6282,0
6283,0
6284,0
6285,1
6286,0
6287,0
6288,0
6289,0
6290,0
6291,0
6292,0
6293,1
6294,0
6295,1
6296,1
6297,0
6298,0
6299,0
6300,0
6301,0
6302,0
6303,1
6304,1
6305,0
6306,0
6307,0
6308,1
6309,0
6310,0
6311,0
6312,1
6313,1
6314,0
6315,0
6316,1
6317,0
6318,0
6319,0
6320,0
6321,0
6322,0
6323,0
6324,1
6325,0
6326,0
6327,0
6328,0
6329,0
6330,1
6331,0
6332,1
6333,0
6334,0
6335,1
6336,0
6337,1
6338,0
6339,0
6340,0
6341,0
6342,1
6343,0
6344,0
6345,0
6346,0
6347,0
6348,1
6349,0
6350,0
6351,1
6352,0
6353,0
6354,0
6355,0
6356,1
6357,0
6358,0
6359,1
6360,0
6361,1
6362,0
6363,0
6364,0
6365,0
6366,1
6367,0
6368,1
6369,1
6370,1
6371,0
6372,0
6373,0
6374,0
6375,0
6376,1
6377,0
6378,0
6379,1
6380,0
6381,0
6382,0
6383,0
6384,0
6385,0
6386,1
6387,0
6388,0
6389,1
6390,0
6391,0
6392,1
6393,0
6394,0
6395,0
6396,0
6397,0
6398,0
6399,1
6400,0
6401,0
6402,0
6403,0
6404,1
6405,0
6406,0
6407,0
6408,1
6409,0
6410,0
6411,0
6412,0
6413,0
6414,0
6415,1
6416,0
6417,0
6418,0
6419,1
6420,0
6421,0
6422,0
6423,0
6424,0
6425,1
6426,0
6427,0
6428,0
6429,1
6430,0
6431,0
6432,0
6433,0
6434,0
6435,1
6436,0
6437,0
6438,0
6439,1
6440,0
6441,0
6442,0
6443,0
6444,1
6445,0
6446,0
6447,0
6448,0
6449,0
6450,0
6451,1
6452,0
6453,1
6454,0
6455,0
6456,0
6457,0
6458,0
6459,0
6460,0
6461,0
6462,0
6463,0
6464,1
6465,0
6466,0
6467,0
6468,0
6469,0
6470,1
6471,0
6472,0
6473,1
6474,0
6475,0
6476,0
6477,1
6478,0
6479,1
6480,1
6481,0
6482,1
6483,0
6484,0
6485,0
6486,1
6487,1
6488,0
6489,1
6490,0
6491,0
6492,0
6493,0
6494,0
6495,1
6496,0
6497,1
6498,1
6499,1
6500,1
6501,0
6502,0
6503,0
6504,0
6505,0
6506,1
6507,1
6508,0
6509,1
6510,0
6511,1
6512,0
6513,0
6514,0
6515,1
6516,0
6517,1
6518,1
6519,0
6520,1
6521,0
6522,0
6523,0
6524,0
6525,0
6526,1
6527,0
6528,1
6529,1
6530,0
6531,0
6532,0
6533,1
6534,0
6535,1
6536,1
6537,0
6538,0
6539,0
6540,1
6541,1
6542,0
6543,1
6544,0
6545,1
6546,0
6547,0
6548,0
6549,1
6550,0
6551,0
6552,0
6553,1
6554,1
6555,0
6556,0
6557,0
6558,0
6559,0
6560,0
6561,0
6562,0
6563,0
6564,0
6565,0
6566,0
6567,0
6568,0
6569,0
6570,0
6571,0
6572,0
6573,0
6574,0
6575,0
6576,0
6577,0
6578,0
6579,0
6580,0
6581,1
6582,1
6583,0
6584,1
6585,0
6586,0
6587,0
6588,1
6589,0
6590,1
6591,1
6592,0
6593,0
6594,0
6595,0
6596,1
6597,1
6598,1
6599,1
6600,1
6601,0
6602,0
6603,1
6604,0
6605,0
6606,0
6607,1
6608,0
6609,0
6610,0
6611,1
6612,0
6613,1
6614,1
6615,0
6616,1
6617,1
6618,0
6619,0
6620,0
6621,0
6622,0
6623,1
6624,1
6625,1
6626,0
6627,0
6628,0
6629,0
6630,0
6631,0
6632,1
6633,0
6634,0
6635,0
6636,0
6637,0
6638,0
6639,0
6640,0
6641,0
6642,0
6643,0
6644,0
6645,1
6646,0
6647,0
6648,0
6649,1
6650,0
6651,1
6652,0
6653,0
6654,0
6655,0
6656,0
6657,0
6658,1
6659,0
6660,0
6661,0
6662,0
6663,0
6664,0
6665,0
6666,0
6667,0
6668,0
6669,0
6670,1
6671,1
6672,0
6673,0
6674,0
6675,0
6676,0
6677,1
6678,0
6679,0
6680,0
6681,0
6682,0
6683,0
6684,0
6685,0
6686,0
6687,0
6688,0
6689,0
6690,0
6691,0
6692,0
6693,1
6694,0
6695,0
6696,0
6697,0
6698,1
6699,0
6700,0
6701,0
6702,0
6703,0
6704,0
6705,0
6706,1
6707,1
6708,1
6709,0
6710,0
6711,0
6712,0
6713,0
6714,1
6715,0
6716,1
6717,0
6718,0
6719,0
6720,0
6721,0
6722,0
6723,0
6724,1
6725,0
6726,0
6727,0
6728,0
6729,0
6730,1
6731,1
6732,0
6733,0
6734,0
6735,1
6736,1
6737,0
6738,1
6739,0
6740,0
6741,0
6742,0
6743,0
6744,0
6745,0
6746,1
6747,0
6748,0
6749,1
6750,0
6751,1
6752,0
6753,1
6754,0
6755,0
6756,0
6757,0
6758,0
6759,0
6760,0
6761,1
6762,1
6763,0
6764,0
6765,0
6766,0
6767,0
6768,0
6769,0
6770,1
6771,0
6772,0
6773,0
6774,1
6775,1
6776,0
6777,0
6778,1
6779,0
6780,1
6781,1
6782,0
6783,0
6784,0
6785,1
6786,0
6787,0
6788,0
6789,1
6790,0
6791,0
6792,0
6793,0
6794,0
6795,0
6796,0
6797,0
6798,1
6799,1
6800,1
6801,0
6802,1
6803,0
6804,0
6805,1
6806,0
6807,0
6808,1
6809,0
6810,1
6811,1
6812,0
6813,1
6814,0
6815,0
6816,0
6817,0
6818,0
6819,0
6820,1
6821,0
6822,0
6823,0
6824,0
6825,1
6826,0
6827,1
6828,1
6829,0
6830,0
6831,0
6832,1
6833,0
6834,0
6835,1
6836,0
6837,0
6838,0
6839,0
6840,0
6841,0
6842,1
6843,0
6844,0
6845,0
6846,0
6847,1
6848,0
6849,1
6850,1
6851,1
6852,0
6853,1
6854,0
6855,1
6856,0
6857,1
6858,1
6859,0
6860,0
6861,0
6862,0
6863,0
6864,0
6865,0
6866,1
6867,1
6868,0
6869,0
6870,0
6871,0
6872,0
6873,1
6874,1
6875,1
6876,0
6877,0
6878,0
6879,0
6880,0
6881,0
6882,1
6883,1
6884,0
6885,1
6886,0
6887,0
6888,1
6889,0
6890,0
6891,0
6892,0
6893,0
6894,0
6895,0
6896,1
6897,1
6898,0
6899,0
6900,0
6901,0
6902,0
6903,1
6904,0
6905,0
6906,0
6907,1
6908,0
6909,0
6910,0
6911,0
6912,0
6913,1
6914,0
6915,1
6916,0
6917,0
6918,0
6919,1
6920,0
6921,0
6922,1
6923,0
6924,0
6925,1
6926,0
6927,0
6928,0
6929,0
6930,0
6931,0
6932,1
6933,0
6934,1
6935,0
6936,0
6937,0
6938,0
6939,0
6940,0
6941,1
6942,1
6943,0
6944,0
6945,0
6946,0
6947,0
6948,0
6949,0
6950,1
6951,1
6952,0
6953,0
6954,0
6955,0
6956,1
6957,1
6958,1
6959,1
6960,1
6961,1
6962,0
6963,0
6964,0
6965,0
6966,0
6967,0
6968,0
6969,1
6970,0
6971,0
6972,0
6973,0
6974,0
6975,1
6976,0
6977,0
6978,0
6979,0
6980,1
6981,0
6982,1
6983,0
6984,0
6985,1
6986,0
6987,0
6988,1
6989,0
6990,1
6991,0
6992,0
6993,0
6994,0
6995,1
6996,0
6997,1
6998,1
6999,1
7000,1
7001,0
7002,0
7003,0
7004,0
7005,0
7006,0
7007,1
7008,0
7009,0
7010,1
7011,0
7012,0
7013,0
7014,0
7015,1
7016,0
7017,0
7018,0
7019,0
7020,0
7021,1
7022,0
7023,1
7024,0
7025,0
7026,0
7027,0
7028,0
7029,0
7030,1
7031,0
7032,1
7033,1
7034,1
7035,1
7036,1
7037,1
7038,1
7039,1
7040,1
7041,1
7042,1
7043,1
7044,1
7045,1
7046,1
7047,1
7048,1
7049,1
7050,1
7051,1
7052,1
7053,1
7054,1
7055,1
7056,1
7057,1
7058,1
7059,1
7060,1
7061,1
7062,1
7063,1
7064,1
7065,1
7066,1
7067,1
7068,1
7069,1
7070,1
7071,1
7072,1
7073,1
7074,1
7075,1
7076,1
7077,1
7078,1
7079,1
7080,1
7081,1
7082,1
7083,1
7084,1
7085,1
7086,1
7087,1
7088,1
7089,1
7090,1
7091,1
7092,1
7093,1
7094,1
7095,1
7096,1
7097,1
7098,1
7099,1
7100,1
7101,1
7102,1
7103,1
7104,1
7105,1
7106,1
7107,1
7108,1
7109,1
7110,1
7111,1
7112,1
7113,1
7114,1
7115,1
7116,1
7117,1
7118,1
7119,1
7120,1
7121,1
7122,1
7123,1
7124,1
7125,1
7126,1
7127,1
7128,1
7129,1
7130,1
7131,1
7132,1
7133,1
7134,1
7135,1
7136,1
7137,1
7138,1
7139,1
7140,1
7141,1
7142,1
7143,1
7144,1
7145,1
7146,1
7147,1
7148,1
7149,1
7150,1
7151,1
7152,1
7153,1
7154,1
7155,1
7156,1
7157,1
7158,1
7159,1
7160,1
7161,1
7162,1
7163,1
7164,1
7165,1
7166,1
7167,1
7168,1
7169,1
7170,1
7171,1
7172,1
7173,1
7174,1
7175,1
7176,1
7177,1
7178,1
7179,1
7180,1
7181,1
7182,1
7183,1
7184,1
7185,1
7186,1
7187,1
7188,1
7189,1
7190,1
7191,1
7192,1
7193,1
7194,1
7195,1
7196,1
7197,1
7198,1
7199,1
7200,1
7201,1
7202,1
7203,1
7204,1
7205,1
7206,1
7207,1
7208,1
7209,1
7210,1
7211,1
7212,1
7213,1
7214,1
7215,1
7216,1
7217,1
7218,1
7219,1
7220,1
7221,1
7222,1
7223,1
7224,1
7225,1
7226,1
7227,1
7228,1
7229,1
7230,1
7231,1
7232,1
7233,1
7234,1
7235,1
7236,1
7237,1
7238,1
7239,1
7240,1
7241,1
7242,1
7243,1
7244,1
7245,1
7246,1
7247,1
7248,1
7249,1
7250,1
7251,1
7252,1
7253,1
7254,1
7255,1
7256,1
7257,1
7258,1
7259,1
7260,1
7261,1
7262,1
7263,1
7264,1
7265,1
7266,1
7267,1
7268,1
7269,1
7270,1
7271,1
7272,1
7273,1
7274,1
7275,1
7276,1
7277,1
7278,1
7279,1
7280,1
7281,1
7282,1
7283,1
7284,1
7285,1
7286,1
7287,1
7288,1
7289,1
7290,1
7291,1
7292,1
7293,1
7294,1
7295,1
7296,1
7297,1
7298,1
7299,1
7300,1
7301,1
7302,1
7303,1
7304,1
7305,1
7306,1
7307,1
7308,1
7309,1
7310,1
7311,1
7312,1
7313,1
7314,1
7315,1
7316,1
7317,1
7318,1
7319,1
7320,1
7321,1
7322,1
7323,1
7324,1
7325,1
7326,1
7327,1
7328,1
7329,1
7330,1
7331,1
7332,1
7333,1
7334,1
7335,1
7336,1
7337,1
7338,1
7339,1
7340,1
7341,1
7342,1
7343,1
7344,1
7345,1
7346,1
7347,1
7348,1
7349,1
7350,1
7351,1
7352,1
7353,1
7354,1
7355,1
7356,1
7357,1
7358,1
7359,1
7360,1
7361,1
7362,1
7363,1
7364,1
7365,1
7366,1
7367,1
7368,1
7369,1
7370,1
7371,1
7372,1
7373,1
7374,1
7375,1
7376,1
7377,1
7378,1
7379,1
7380,1
7381,1
7382,1
7383,1
7384,1
7385,1
7386,1
7387,1
7388,1
7389,1
7390,1
7391,1
7392,1
7393,1
7394,1
7395,1
7396,1
7397,1
7398,1
7399,1
7400,1
7401,1
7402,1
7403,1
7404,1
7405,1
7406,1
7407,1
7408,1
7409,1
7410,1
7411,1
7412,1
7413,1
7414,1
7415,1
7416,1
7417,1
7418,1
7419,1
7420,1
7421,1
7422,1
7423,1
7424,1
7425,1
7426,1
7427,1
7428,1
7429,1
7430,1
7431,1
7432,1
7433,1
7434,1
7435,1
7436,1
7437,1
7438,1
7439,1
7440,1
7441,1
7442,1
7443,1
7444,1
7445,1
7446,1
7447,1
7448,1
7449,1
7450,1
7451,1
7452,1
7453,1
7454,1
7455,1
7456,1
7457,1
7458,1
7459,1
7460,1
7461,1
7462,1
7463,1
7464,1
7465,1
7466,1
7467,1
7468,1
7469,1
7470,1
7471,1
7472,1
7473,1
7474,1
7475,1
7476,1
7477,1
7478,1
7479,1
7480,1
7481,1
7482,1
7483,1
7484,1
7485,1
7486,1
7487,1
7488,1
7489,1
7490,1
7491,1
7492,1
7493,1
7494,1
7495,1
7496,1
7497,1
7498,1
7499,1
7500,1
7501,1
7502,1
7503,1
7504,1
7505,1
7506,1
7507,1
7508,1
7509,1
7510,1
7511,1
7512,1
7513,1
7514,1
7515,1
7516,1
7517,1
7518,1
7519,1
7520,1
7521,1
7522,1
7523,1
7524,1
7525,1
7526,1
7527,1
7528,1
7529,1
7530,1
7531,1
7532,1
7533,1
7534,1
7535,1
7536,1
7537,1
7538,1
7539,1
7540,1
7541,1
7542,1
7543,1
7544,1
7545,1
7546,1
7547,1
7548,1
7549,1
7550,1
7551,1
7552,1
7553,1
7554,1
7555,1
7556,1
7557,1
7558,1
7559,1
7560,1
7561,1
7562,1
7563,1
7564,1
7565,1
7566,1
7567,1
7568,1
7569,1
7570,1
7571,1
7572,1
7573,1
7574,1
7575,1
7576,1
7577,1
7578,1
7579,1
7580,1
7581,1
7582,1
7583,1
7584,1
7585,1
7586,1
7587,1
7588,1
7589,1
7590,1
7591,1
7592,1
7593,1
7594,1
7595,1
7596,1
7597,1
7598,1
7599,1
7600,1
7601,1
7602,1
7603,1
7604,1
7605,1
7606,1
7607,1
7608,1
7609,1
7610,1
7611,1
7612,1
7613,1
7614,1
7615,1
7616,1
7617,1
7618,1
7619,1
7620,1
7621,1
7622,1
7623,1
7624,1
7625,1
7626,1
7627,1
7628,1
7629,1
7630,1
7631,1
7632,1
7633,1
7634,1
7635,1
7636,1
7637,1
7638,1
7639,1
7640,1
7641,1
7642,1
7643,1
7644,1
7645,1
7646,1
7647,1
7648,1
7649,1
7650,1
7651,1
7652,1
7653,1
7654,1
7655,1
7656,1
7657,1
7658,1
7659,1
7660,1
7661,1
7662,1
7663,1
7664,1
7665,1
7666,1
7667,1
7668,1
7669,1
7670,1
7671,1
7672,1
7673,1
7674,1
7675,1
7676,1
7677,1
7678,1
7679,1
7680,1
7681,1
7682,1
7683,1
7684,1
7685,1
7686,1
7687,1
7688,1
7689,1
7690,1
7691,1
7692,1
7693,1
7694,1
7695,1
7696,1
7697,1
7698,1
7699,1
7700,1
7701,1
7702,1
7703,1
7704,1
7705,1
7706,1
7707,1
7708,1
7709,1
7710,1
7711,1
7712,1
7713,1
7714,1
7715,1
7716,1
7717,1
7718,1
7719,1
7720,1
7721,1
7722,1
7723,1
7724,1
7725,1
7726,1
7727,1
7728,1
7729,1
7730,1
7731,1
7732,1
7733,1
7734,1
7735,1
7736,1
7737,1
7738,1
7739,1
7740,1
7741,1
7742,1
7743,1
7744,1
7745,1
7746,1
7747,1
7748,1
7749,1
7750,1
7751,1
7752,1
7753,1
7754,1
7755,1
7756,1
7757,1
7758,1
7759,1
7760,1
7761,1
7762,1
7763,1
7764,1
7765,1
7766,1
7767,1
7768,1
7769,1
7770,1
7771,1
7772,1
7773,1
7774,1
7775,1
7776,1
7777,1
7778,1
7779,1
7780,1
7781,1
7782,1
7783,1
7784,1
7785,1
7786,1
7787,1
7788,1
7789,1
7790,1
7791,1
7792,1
7793,1
7794,1
7795,1
7796,1
7797,1
7798,1
7799,1
7800,1
7801,1
7802,1
7803,1
7804,1
7805,1
7806,1
7807,1
7808,1
7809,1
7810,1
7811,1
7812,1
7813,1
7814,1
7815,1
7816,1
7817,1
7818,1
7819,1
7820,1
7821,1
7822,1
7823,1
7824,1
7825,1
7826,1
7827,1
7828,1
7829,1
7830,1
7831,1
7832,1
7833,1
7834,1
7835,1
7836,1
7837,1
7838,1
7839,1
7840,1
7841,1
7842,1
7843,1
7844,1
7845,1
7846,1
7847,1
7848,1
7849,1
7850,1
7851,1
7852,1
7853,1
7854,1
7855,1
7856,1
7857,1
7858,1
7859,1
7860,1
7861,1
7862,1
7863,1
7864,1
7865,1
7866,1
7867,1
7868,1
7869,1
7870,1
7871,1
7872,1
7873,1
7874,1
7875,1
7876,1
7877,1
7878,1
7879,1
7880,1
7881,1
7882,1
7883,1
7884,1
7885,1
7886,1
7887,1
7888,1
7889,1
7890,1
7891,1
7892,1
7893,1
7894,1
7895,1
7896,1
7897,1
7898,1
7899,1
7900,1
7901,1
7902,1
7903,1
7904,1
7905,1
7906,1
7907,1
7908,1
7909,1
7910,1
7911,1
7912,1
7913,1
7914,1
7915,1
7916,1
7917,1
7918,1
7919,1
7920,1
7921,1
7922,1
7923,1
7924,1
7925,1
7926,1
7927,1
7928,1
7929,1
7930,1
7931,1
7932,1
7933,1
7934,1
7935,1
7936,1
7937,1
7938,1
7939,1
7940,1
7941,1
7942,1
7943,1
7944,1
7945,1
7946,1
7947,1
7948,1
7949,1
7950,1
7951,1
7952,1
7953,1
7954,1
7955,1
7956,1
7957,1
7958,1
7959,1
7960,1
7961,1
7962,1
7963,1
7964,1
7965,1
7966,1
7967,1
7968,1
7969,1
7970,1
7971,1
7972,1
7973,1
7974,1
7975,1
7976,1
7977,1
7978,1
7979,1
7980,1
7981,1
7982,1
7983,1
7984,1
7985,1
7986,1
7987,1
7988,1
7989,1
7990,1
7991,1
7992,1
7993,1
7994,1
7995,1
7996,1
7997,1
7998,1
7999,1
8000,1
8001,1
8002,1
8003,1
8004,1
8005,1
8006,1
8007,1
8008,1
8009,1
8010,1
8011,1
8012,1
8013,1
8014,1
8015,1
8016,1
8017,1
8018,1
8019,1
8020,1
8021,1
8022,1
8023,1
8024,1
8025,1
8026,1
8027,1
8028,1
8029,1
8030,1
8031,1
8032,1
8033,1
8034,1
8035,1
8036,1
8037,1
8038,1
8039,1
8040,1
8041,1
8042,1
8043,1
8044,1
8045,1
8046,1
8047,1
8048,1
8049,1
8050,1
8051,1
8052,1
8053,1
8054,1
8055,1
8056,1
8057,1
8058,1
8059,1
8060,1
8061,1
8062,1
8063,1
8064,1
8065,1
8066,1
8067,1
8068,1
8069,1
8070,1
8071,1
8072,1
8073,1
8074,1
8075,1
8076,1
8077,1
8078,1
8079,1
8080,1
8081,1
8082,1
8083,1
8084,1
8085,1
8086,1
8087,1
8088,1
8089,1
8090,1
8091,1
8092,1
8093,1
8094,1
8095,1
8096,1
8097,1
8098,1
8099,1
8100,1
8101,1
8102,1
8103,1
8104,1
8105,1
8106,1
8107,1
8108,1
8109,1
8110,1
8111,1
8112,1
8113,1
8114,1
8115,1
8116,1
8117,1
8118,1
8119,1
8120,1
8121,1
8122,1
8123,1
8124,1
8125,1
8126,1
8127,1
8128,1
8129,1
8130,1
8131,1
8132,1
8133,1
8134,1
8135,1
8136,1
8137,1
8138,1
8139,1
8140,1
8141,1
8142,1
8143,1
8144,1
8145,1
8146,1
8147,1
8148,1
8149,1
8150,1
8151,1
8152,1
8153,1
8154,1
8155,1
8156,1
8157,1
8158,1
8159,1
8160,1
8161,1
8162,1
8163,1
8164,1
8165,1
8166,1
8167,1
8168,1
8169,1
8170,1
8171,1
8172,1
8173,1
8174,1
8175,1
8176,1
8177,1
8178,1
8179,1
8180,1
8181,1
8182,1
8183,1
8184,1
8185,1
8186,1
8187,1
8188,1
8189,1
8190,1
8191,1
8192,1
8193,1
8194,1
8195,1
8196,1
8197,1
8198,1
8199,1
8200,1
8201,1
8202,1
8203,1
8204,1
8205,1
8206,1
8207,1
8208,1
8209,1
8210,1
8211,1
8212,1
8213,1
8214,1
8215,1
8216,1
8217,1
8218,1
8219,1
8220,1
8221,1
8222,1
8223,1
8224,1
8225,1
8226,1
8227,1
8228,1
8229,1
8230,1
8231,1
8232,1
8233,1
8234,1
8235,1
8236,1
8237,1
8238,1
8239,1
8240,1
8241,1
8242,1
8243,1
8244,1
8245,1
8246,1
8247,1
8248,1
8249,1
8250,1
8251,1
8252,1
8253,1
8254,1
8255,1
8256,1
8257,1
8258,1
8259,1
8260,1
8261,1
8262,1
8263,1
8264,1
8265,1
8266,1
8267,1
8268,1
8269,1
8270,1
8271,1
8272,1
8273,1
8274,1
8275,1
8276,1
8277,1
8278,1
8279,1
8280,1
8281,1
8282,1
8283,1
8284,1
8285,1
8286,1
8287,1
8288,1
8289,1
8290,1
8291,1
8292,1
8293,1
8294,1
8295,1
8296,1
8297,1
8298,1
8299,1
8300,1
8301,1
8302,1
8303,1
8304,1
8305,1
8306,1
8307,1
8308,1
8309,1
8310,1
8311,1
8312,1
8313,1
8314,1
8315,1
8316,1
8317,1
8318,1
8319,1
8320,1
8321,1
8322,1
8323,1
8324,1
8325,1
8326,1
8327,1
8328,1
8329,1
8330,1
8331,1
8332,1
8333,1
8334,1
8335,1
8336,1
8337,1
8338,1
8339,1
8340,1
8341,1
8342,1
8343,1
8344,1
8345,1
8346,1
8347,1
8348,1
8349,1
8350,1
8351,1
8352,1
8353,1
8354,1
8355,1
8356,1
8357,1
8358,1
8359,1
8360,1
8361,1
8362,1
8363,1
8364,1
8365,1
8366,1
8367,1
8368,1
8369,1
8370,1
8371,1
8372,1
8373,1
8374,1
8375,1
8376,1
8377,1
8378,1
8379,1
8380,1
8381,1
8382,1
8383,1
8384,1
8385,1
8386,1
8387,1
8388,1
8389,1
8390,1
8391,1
8392,1
8393,1
8394,1
8395,1
8396,1
8397,1
8398,1
8399,1
8400,1
8401,1
8402,1
8403,1
8404,1
8405,1
8406,1
8407,1
8408,1
8409,1
8410,1
8411,1
8412,1
8413,1
8414,1
8415,1
8416,1
8417,1
8418,1
8419,1
8420,1
8421,1
8422,1
8423,1
8424,1
8425,1
8426,1
8427,1
8428,1
8429,1
8430,1
8431,1
8432,1
8433,1
8434,1
8435,1
8436,1
8437,1
8438,1
8439,1
8440,1
8441,1
8442,1
8443,1
8444,1
8445,1
8446,1
8447,1
8448,1
8449,1
8450,1
8451,1
8452,1
8453,1
8454,1
8455,1
8456,1
8457,1
8458,1
8459,1
8460,1
8461,1
8462,1
8463,1
8464,1
8465,1
8466,1
8467,1
8468,1
8469,1
8470,1
8471,1
8472,1
8473,1
8474,1
8475,1
8476,1
8477,1
8478,1
8479,1
8480,1
8481,1
8482,1
8483,1
8484,1
8485,1
8486,1
8487,1
8488,1
8489,1
8490,1
8491,1
8492,1
8493,1
8494,1
8495,1
8496,1
8497,1
8498,1
8499,1
8500,1
8501,1
8502,1
8503,1
8504,1
8505,1
8506,1
8507,1
8508,1
8509,1
8510,1
8511,1
8512,1
8513,1
8514,1
8515,1
8516,1
8517,1
8518,1
8519,1
8520,1
8521,1
8522,1
8523,1
8524,1
8525,1
8526,1
8527,1
8528,1
8529,1
8530,1
8531,1
8532,1
8533,1
8534,1
8535,1
8536,1
8537,1
8538,1
8539,1
8540,1
8541,1
8542,1
8543,1
8544,1
8545,1
8546,1
8547,1
8548,1
8549,1
8550,1
8551,1
8552,1
8553,1
8554,1
8555,1
8556,1
8557,1
8558,1
8559,1
8560,1
8561,1
8562,1
8563,1
8564,1
8565,1
8566,1
8567,1
8568,1
8569,1
8570,1
8571,1
8572,1
8573,1
8574,1
8575,1
8576,1
8577,1
8578,1
8579,1
8580,1
8581,1
8582,1
8583,1
8584,1
8585,1
8586,1
8587,1
8588,1
8589,1
8590,1
8591,1
8592,1
8593,1
8594,1
8595,1
8596,1
8597,1
8598,1
8599,1
8600,1
8601,1
8602,1
8603,1
8604,1
8605,1
8606,1
8607,1
8608,1
8609,1
8610,1
8611,1
8612,1
8613,1
8614,1
8615,1
8616,1
8617,1
8618,1
8619,1
8620,1
8621,1
8622,1
8623,1
8624,1
8625,1
8626,1
8627,1
8628,1
8629,1
8630,1
8631,1
8632,1
8633,1
8634,1
8635,1
8636,1
8637,1
8638,1
8639,1
8640,1
8641,1
8642,1
8643,1
8644,1
8645,1
8646,1
8647,1
8648,1
8649,1
8650,1
8651,1
8652,1
8653,1
8654,1
8655,1
8656,1
8657,1
8658,1
8659,1
8660,1
8661,1
8662,1
8663,1
8664,1
8665,1
8666,1
8667,1
8668,1
8669,1
8670,1
8671,1
8672,1
8673,1
8674,1
8675,1
8676,1
8677,1
8678,1
8679,1
8680,1
8681,1
8682,1
8683,1
8684,1
8685,1
8686,1
8687,1
8688,1
8689,1
8690,1
8691,1
8692,1
8693,1
8694,1
8695,1
8696,1
8697,1
8698,1
8699,1
8700,1
8701,1
8702,1
8703,1
8704,1
8705,1
8706,1
8707,1
8708,1
8709,1
8710,1
8711,1
8712,1
8713,1
8714,1
8715,1
8716,1
8717,1
8718,1
8719,1
8720,1
8721,1
8722,1
8723,1
8724,1
8725,1
8726,1
8727,1
8728,1
8729,1
8730,1
8731,1
8732,1
8733,1
8734,1
8735,1
8736,1
8737,1
8738,1
8739,1
8740,1
8741,1
8742,1
8743,1
8744,1
8745,1
8746,1
8747,1
8748,1
8749,1
8750,1
8751,1
8752,1
8753,1
8754,1
8755,1
8756,1
8757,1
8758,1
8759,1
8760,1
8761,1
8762,1
8763,1
8764,1
8765,1
8766,1
8767,1
8768,1
8769,1
8770,1
8771,1
8772,1
8773,1
8774,1
8775,1
8776,1
8777,1
8778,1
8779,1
8780,1
8781,1
8782,1
8783,1
8784,1
8785,1
8786,1
8787,1
8788,1
8789,1
8790,1
8791,1
8792,1
8793,1
8794,1
8795,1
8796,1
8797,1
8798,1
8799,1
8800,1
8801,1
8802,1
8803,1
8804,1
8805,1
8806,1
8807,1
8808,1
8809,1
8810,1
8811,1
8812,1
8813,1
8814,1
8815,1
8816,1
8817,1
8818,1
8819,1
8820,1
8821,1
8822,1
8823,1
8824,1
8825,1
8826,1
8827,1
8828,1
8829,1
8830,1
8831,1
8832,1
8833,1
8834,1
8835,1
8836,1
8837,1
8838,1
8839,1
8840,1
8841,1
8842,1
8843,1
8844,1
8845,1
8846,1
8847,1
8848,1
8849,1
8850,1
8851,1
8852,1
8853,1
8854,1
8855,1
8856,1
8857,1
8858,1
8859,1
8860,1
8861,1
8862,1
8863,1
8864,1
8865,1
8866,1
8867,1
8868,1
8869,1
8870,1
8871,1
8872,1
8873,1
8874,1
8875,1
8876,1
8877,1
8878,1
8879,1
8880,1
8881,1
8882,1
8883,1
8884,1
8885,1
8886,1
8887,1
8888,1
8889,1
8890,1
8891,1
8892,1
8893,1
8894,1
8895,1
8896,1
8897,1
8898,1
8899,1
8900,1
8901,1
8902,1
8903,1
8904,1
8905,1
8906,1
8907,1
8908,1
8909,1
8910,1
8911,1
8912,1
8913,1
8914,1
8915,1
8916,1
8917,1
8918,1
8919,1
8920,1
8921,1
8922,1
8923,1
8924,1
8925,1
8926,1
8927,1
8928,1
8929,1
8930,1
8931,1
8932,1
8933,1
8934,1
8935,1
8936,1
8937,1
8938,1
8939,1
8940,1
8941,1
8942,1
8943,1
8944,1
8945,1
8946,1
8947,1
8948,1
8949,1
8950,1
8951,1
8952,1
8953,1
8954,1
8955,1
8956,1
8957,1
8958,1
8959,1
8960,1
8961,1
8962,1
8963,1
8964,1
8965,1
8966,1
8967,1
8968,1
8969,1
8970,1
8971,1
8972,1
8973,1
8974,1
8975,1
8976,1
8977,1
8978,1
8979,1
8980,1
8981,1
8982,1
8983,1
8984,1
8985,1
8986,1
8987,1
8988,1
8989,1
8990,1
8991,1
8992,1
8993,1
8994,1
8995,1
8996,1
8997,1
8998,1
8999,1
9000,1
9001,1
9002,1
9003,1
9004,1
9005,1
9006,1
9007,1
9008,1
9009,1
9010,1
9011,1
9012,1
9013,1
9014,1
9015,1
9016,1
9017,1
9018,1
9019,1
9020,1
9021,1
9022,1
9023,1
9024,1
9025,1
9026,1
9027,1
9028,1
9029,1
9030,1
9031,1
9032,1
9033,1
9034,1
9035,1
9036,1
9037,1
9038,1
9039,1
9040,1
9041,1
9042,1
9043,1
9044,1
9045,1
9046,1
9047,1
9048,1
9049,1
9050,1
9051,1
9052,1
9053,1
9054,1
9055,1
9056,1
9057,1
9058,1
9059,1
9060,1
9061,1
9062,1
9063,1
9064,1
9065,1
9066,1
9067,1
9068,1
9069,1
9070,1
9071,1
9072,1
9073,1
9074,1
9075,1
9076,1
9077,1
9078,1
9079,1
9080,1
9081,1
9082,1
9083,1
9084,1
9085,1
9086,1
9087,1
9088,1
9089,1
9090,1
9091,1
9092,1
9093,1
9094,1
9095,1
9096,1
9097,1
9098,1
9099,1
9100,1
9101,1
9102,1
9103,1
9104,1
9105,1
9106,1
9107,1
9108,1
9109,1
9110,1
9111,1
9112,1
9113,1
9114,1
9115,1
9116,1
9117,1
9118,1
9119,1
9120,1
9121,1
9122,1
9123,1
9124,1
9125,1
9126,1
9127,1
9128,1
9129,1
9130,1
9131,1
9132,1
9133,1
9134,1
9135,1
9136,1
9137,1
9138,1
9139,1
9140,1
9141,1
9142,1
9143,1
9144,1
9145,1
9146,1
9147,1
9148,1
9149,1
9150,1
9151,1
9152,1
9153,1
9154,1
9155,1
9156,1
9157,1
9158,1
9159,1
9160,1
9161,1
9162,1
9163,1
9164,1
9165,1
9166,1
9167,1
9168,1
9169,1
9170,1
9171,1
9172,1
9173,1
9174,1
9175,1
9176,1
9177,1
9178,1
9179,1
9180,1
9181,1
9182,1
9183,1
9184,1
9185,1
9186,1
9187,1
9188,1
9189,1
9190,1
9191,1
9192,1
9193,1
9194,1
9195,1
9196,1
9197,1
9198,1
9199,1
9200,1
9201,1
9202,1
9203,1
9204,1
9205,1
9206,1
9207,1
9208,1
9209,1
9210,1
9211,1
9212,1
9213,1
9214,1
9215,1
9216,1
9217,1
9218,1
9219,1
9220,1
9221,1
9222,1
9223,1
9224,1
9225,1
9226,1
9227,1
9228,1
9229,1
9230,1
9231,1
9232,1
9233,1
9234,1
9235,1
9236,1
9237,1
9238,1
9239,1
9240,1
9241,1
9242,1
9243,1
9244,1
9245,1
9246,1
9247,1
9248,1
9249,1
9250,1
9251,1
9252,1
9253,1
9254,1
9255,1
9256,1
9257,1
9258,1
9259,1
9260,1
9261,1
9262,1
9263,1
9264,1
9265,1
9266,1
9267,1
9268,1
9269,1
9270,1
9271,1
9272,1
9273,1
9274,1
9275,1
9276,1
9277,1
9278,1
9279,1
9280,1
9281,1
9282,1
9283,1
9284,1
9285,1
9286,1
9287,1
9288,1
9289,1
9290,1
9291,1
9292,1
9293,1
9294,1
9295,1
9296,1
9297,1
9298,1
9299,1
9300,1
9301,1
9302,1
9303,1
9304,1
9305,1
9306,1
9307,1
9308,1
9309,1
9310,1
9311,1
9312,1
9313,1
9314,1
9315,1
9316,1
9317,1
9318,1
9319,1
9320,1
9321,1
9322,1
9323,1
9324,1
9325,1
9326,1
9327,1
9328,1
9329,1
9330,1
9331,1
9332,1
9333,1
9334,1
9335,1
9336,1
9337,1
9338,1
9339,1
9340,1
9341,1
9342,1
9343,1
9344,1
9345,1
9346,1
9347,1
9348,1
9349,1
9350,1
9351,1
9352,1
9353,1
9354,1
9355,1
9356,1
9357,1
9358,1
9359,1
9360,1
9361,1
9362,1
9363,1
9364,1
9365,1
9366,1
9367,1
9368,1
9369,1
9370,1
9371,1
9372,1
9373,1
9374,1
9375,1
9376,1
9377,1
9378,1
9379,1
9380,1
9381,1
9382,1
9383,1
9384,1
9385,1
9386,1
9387,1
9388,1
9389,1
9390,1
9391,1
9392,1
9393,1
9394,1
9395,1
9396,1
9397,1
9398,1
9399,1
9400,1
9401,1
9402,1
9403,1
9404,1
9405,1
9406,1
9407,1
9408,1
9409,1
9410,1
9411,1
9412,1
9413,1
9414,1
9415,1
9416,1
9417,1
9418,1
9419,1
9420,1
9421,1
9422,1
9423,1
9424,1
9425,1
9426,1
9427,1
9428,1
9429,1
9430,1
9431,1
9432,1
9433,1
9434,1
9435,1
9436,1
9437,1
9438,1
9439,1
9440,1
9441,1
9442,1
9443,1
9444,1
9445,1
9446,1
9447,1
9448,1
9449,1
9450,1
9451,1
9452,1
9453,1
9454,1
9455,1
9456,1
9457,1
9458,1
9459,1
9460,1
9461,1
9462,1
9463,1
9464,1
9465,1
9466,1
9467,1
9468,1
9469,1
9470,1
9471,1
9472,1
9473,1
9474,1
9475,1
9476,1
9477,1
9478,1
9479,1
9480,1
9481,1
9482,1
9483,1
9484,1
9485,1
9486,1
9487,1
9488,1
9489,1
9490,1
9491,1
9492,1
9493,1
9494,1
9495,1
9496,1
9497,1
9498,1
9499,1
9500,1
9501,1
9502,1
9503,1
9504,1
9505,1
9506,1
9507,1
9508,1
9509,1
9510,1
9511,1
9512,1
9513,1
9514,1
9515,1
9516,1
9517,1
9518,1
9519,1
9520,1
9521,1
9522,1
9523,1
9524,1
9525,1
9526,1
9527,1
9528,1
9529,1
9530,1
9531,1
9532,1
9533,1
9534,1
9535,1
9536,1
9537,1
9538,1
9539,1
9540,1
9541,1
9542,1
9543,1
9544,1
9545,1
9546,1
9547,1
9548,1
9549,1
9550,1
9551,1
9552,1
9553,1
9554,1
9555,1
9556,1
9557,1
9558,1
9559,1
9560,1
9561,1
9562,1
9563,1
9564,1
9565,1
9566,1
9567,1
9568,1
9569,1
9570,1
9571,1
9572,1
9573,1
9574,1
9575,1
9576,1
9577,1
9578,1
9579,1
9580,1
9581,1
9582,1
9583,1
9584,1
9585,1
9586,1
9587,1
9588,1
9589,1
9590,1
9591,1
9592,1
9593,1
9594,1
9595,1
9596,1
9597,1
9598,1
9599,1
9600,1
9601,1
9602,1
9603,1
9604,1
9605,1
9606,1
9607,1
9608,1
9609,1
9610,1
9611,1
9612,1
9613,1
9614,1
9615,1
9616,1
9617,1
9618,1
9619,1
9620,1
9621,1
9622,1
9623,1
9624,1
9625,1
9626,1
9627,1
9628,1
9629,1
9630,1
9631,1
9632,1
9633,1
9634,1
9635,1
9636,1
9637,1
9638,1
9639,1
9640,1
9641,1
9642,1
9643,1
9644,1
9645,1
9646,1
9647,1
9648,1
9649,1
9650,1
9651,1
9652,1
9653,1
9654,1
9655,1
9656,1
9657,1
9658,1
9659,1
9660,1
9661,1
9662,1
9663,1
9664,1
9665,1
9666,1
9667,1
9668,1
9669,1
9670,1
9671,1
9672,1
9673,1
9674,1
9675,1
9676,1
9677,1
9678,1
9679,1
9680,1
9681,1
9682,1
9683,1
9684,1
9685,1
9686,1
9687,1
9688,1
9689,1
9690,1
9691,1
9692,1
9693,1
9694,1
9695,1
9696,1
9697,1
9698,1
9699,1
9700,1
9701,1
9702,1
9703,1
9704,1
9705,1
9706,1
9707,1
9708,1
9709,1
9710,1
9711,1
9712,1
9713,1
9714,1
9715,1
9716,1
9717,1
9718,1
9719,1
9720,1
9721,1
9722,1
9723,1
9724,1
9725,1
9726,1
9727,1
9728,1
9729,1
9730,1
9731,1
9732,1
9733,1
9734,1
9735,1
9736,1
9737,1
9738,1
9739,1
9740,1
9741,1
9742,1
9743,1
9744,1
9745,1
9746,1
9747,1
9748,1
9749,1
9750,1
9751,1
9752,1
9753,1
9754,1
9755,1
9756,1
9757,1
9758,1
9759,1
9760,1
9761,1
9762,1
9763,1
9764,1
9765,1
9766,1
9767,1
9768,1
9769,1
9770,1
9771,1
9772,1
9773,1
9774,1
9775,1
9776,1
9777,1
9778,1
9779,1
9780,1
9781,1
9782,1
9783,1
9784,1
9785,1
9786,1
9787,1
9788,1
9789,1
9790,1
9791,1
9792,1
9793,1
9794,1
9795,1
9796,1
9797,1
9798,1
9799,1
9800,1
9801,1
9802,1
9803,1
9804,1
9805,1
9806,1
9807,1
9808,1
9809,1
9810,1
9811,1
9812,1
9813,1
9814,1
9815,1
9816,1
9817,1
9818,1
9819,1
9820,1
9821,1
9822,1
9823,1
9824,1
9825,1
9826,1
9827,1
9828,1
9829,1
9830,1
9831,1
9832,1
9833,1
9834,1
9835,1
9836,1
9837,1
9838,1
9839,1
9840,1
9841,1
9842,1
9843,1
9844,1
9845,1
9846,1
9847,1
9848,1
9849,1
9850,1
9851,1
9852,1
9853,1
9854,1
9855,1
9856,1
9857,1
9858,1
9859,1
9860,1
9861,1
9862,1
9863,1
9864,1
9865,1
9866,1
9867,1
9868,1
9869,1
9870,1
9871,1
9872,1
9873,1
9874,1
9875,1
9876,1
9877,1
9878,1
9879,1
9880,1
9881,1
9882,1
9883,1
9884,1
9885,1
9886,1
9887,1
9888,1
9889,1
9890,1
9891,1
9892,1
9893,1
9894,1
9895,1
9896,1
9897,1
9898,1
9899,1
9900,1
9901,1
9902,1
9903,1
9904,1
9905,1
9906,1
9907,1
9908,1
9909,1
9910,1
9911,1
9912,1
9913,1
9914,1
9915,1
9916,1
9917,1
9918,1
9919,1
9920,1
9921,1
9922,1
9923,1
9924,1
9925,1
9926,1
9927,1
9928,1
9929,1
9930,1
9931,1
9932,1
9933,1
9934,1
9935,1
9936,1
9937,1
9938,1
9939,1
9940,1
9941,1
9942,1
9943,1
9944,1
9945,1
9946,1
9947,1
9948,1
9949,1
9950,1
9951,1
9952,1
9953,1
9954,1
9955,1
9956,1
9957,1
9958,1
9959,1
9960,1
9961,1
9962,1
9963,1
9964,1
9965,1
9966,1
9967,1
9968,1
9969,1
9970,1
9971,1
9972,1
9973,1
9974,1
9975,1
9976,1
9977,1
9978,1
9979,1
9980,1
9981,1
9982,1
9983,1
9984,1
9985,1
9986,1
9987,1
9988,1
9989,1
9990,1
9991,1
9992,1
9993,1
9994,1
9995,1
9996,1
9997,1
9998,1
9999,1
10000,1
10001,1
10002,1
10003,1
10004,1
10005,1
10006,1
10007,1
10008,1
10009,1
10010,1
10011,1
10012,1
10013,1
10014,1
10015,1
10016,1
10017,1
10018,1
10019,1
10020,1
10021,1
10022,1
10023,1
10024,1
10025,1
10026,1
10027,1
10028,1
10029,1
10030,1
10031,1
10032,1
10033,1
10034,1
10035,1
10036,1
10037,1
10038,1
10039,1
10040,1
10041,1
10042,1
10043,1
10044,1
10045,1
10046,1
10047,1
10048,1
10049,1
10050,1
10051,1
10052,1
10053,1
10054,1
10055,1
10056,1
10057,1
10058,1
10059,1
10060,1
10061,1
10062,1
10063,1
10064,1
10065,1
10066,1
10067,1
10068,1
10069,1
10070,1
10071,1
10072,1
10073,1
10074,1
10075,1
10076,1
10077,1
10078,1
10079,1
10080,1
10081,1
10082,1
10083,1
10084,1
10085,1
10086,1
10087,1
10088,1
10089,1
10090,1
10091,1
10092,1
10093,1
10094,1
10095,1
10096,1
10097,1
10098,1
10099,1
10100,1
10101,1
10102,1
10103,1
10104,1
10105,1
10106,1
10107,1
10108,1
10109,1
10110,1
10111,1
10112,1
10113,1
10114,1
10115,1
10116,1
10117,1
10118,1
10119,1
10120,1
10121,1
10122,1
10123,1
10124,1
10125,1
10126,1
10127,1
10128,1
10129,1
10130,1
10131,1
10132,1
10133,1
10134,1
10135,1
10136,1
10137,1
10138,1
10139,1
10140,1
10141,1
10142,1
10143,1
10144,1
10145,1
10146,1
10147,1
10148,1
10149,1
10150,1
10151,1
10152,1
10153,1
10154,1
10155,1
10156,1
10157,1
10158,1
10159,1
10160,1
10161,1
10162,1
10163,1
10164,1
10165,1
10166,1
10167,1
10168,1
10169,1
10170,1
10171,1
10172,1
10173,1
10174,1
10175,1
10176,1
10177,1
10178,1
10179,1
10180,1
10181,1
10182,1
10183,1
10184,1
10185,1
10186,1
10187,1
10188,1
10189,1
10190,1
10191,1
10192,1
10193,1
10194,1
10195,1
10196,1
10197,1
10198,1
10199,1
10200,1
10201,1
10202,1
10203,1
10204,1
10205,1
10206,1
10207,1
10208,1
10209,1
10210,1
10211,1
10212,1
10213,1
10214,1
10215,1
10216,1
10217,1
10218,1
10219,1
10220,1
10221,1
10222,1
10223,1
10224,1
10225,1
10226,1
10227,1
10228,1
10229,1
10230,1
10231,1
10232,1
10233,1
10234,1
10235,1
10236,1
10237,1
10238,1
10239,1
10240,1
10241,1
10242,1
10243,1
10244,1
10245,1
10246,1
10247,1
10248,1
10249,1
10250,1
10251,1
10252,1
10253,1
10254,1
10255,1
10256,1
10257,1
10258,1
10259,1
10260,1
10261,1
10262,1
10263,1
10264,1
10265,1
10266,1
10267,1
10268,1
10269,1
10270,1
10271,1
10272,1
10273,1
10274,1
10275,1
10276,1
10277,1
10278,1
10279,1
10280,1
10281,1
10282,1
10283,1
10284,1
10285,1
10286,1
10287,1
10288,1
10289,1
10290,1
10291,1
10292,1
10293,1
10294,1
10295,1
10296,1
10297,1
10298,1
10299,1
10300,1
10301,1
10302,1
10303,1
10304,1
10305,1
10306,1
10307,1
10308,1
10309,1
10310,1
10311,1
10312,1
10313,1
10314,1
10315,1
10316,1
10317,1
10318,1
10319,1
10320,1
10321,1
10322,1
10323,1
10324,1
10325,1
