,Pclass,Age,SibSp,Parch,Fare,Deck,Sex_male,Embarked_Q,Embarked_S,Title_Miss,Title_Mr,Title_Mrs,Title_Other
0,3,22.0,0.6931471805599453,0,2.1102132003465894,0,1,0,1,0,1,0,0
1,1,38.0,0.6931471805599453,0,4.2805931204649,1,0,0,0,0,0,1,0
2,3,26.0,0.0,0,2.188856327665703,0,0,0,1,1,0,0,0
3,1,35.0,0.6931471805599453,0,3.9908341858524357,1,0,0,1,0,0,1,0
4,3,35.0,0.0,0,2.2027647577118348,0,1,0,1,0,1,0,0
5,3,29.69911764705882,0.0,0,2.246892662898172,0,1,1,0,0,1,0,0
6,1,54.0,0.0,0,3.967694202798607,2,1,0,1,0,1,0,0
7,3,2.0,1.3862943611198906,1,3.0944457464900235,0,1,0,1,0,0,0,0
8,3,27.0,0.0,2,2.495953738718064,0,0,0,1,0,0,1,0
9,2,14.0,0.6931471805599453,0,3.436268471383741,0,0,0,0,0,0,1,0
10,3,4.0,0.6931471805599453,1,2.8735646395797834,3,0,0,1,1,0,0,0
11,1,58.0,0.0,0,3.3160025355989236,1,0,0,1,1,0,0,0
12,3,20.0,0.0,0,2.2027647577118348,0,1,0,1,0,1,0,0
13,3,39.0,0.6931471805599453,5,3.4742929367327062,0,1,0,1,0,1,0,0
14,3,14.0,0.0,0,2.180891922715322,0,0,0,1,1,0,0,0
15,2,55.0,0.0,0,2.833213344056216,0,0,0,1,0,0,1,0
16,3,2.0,1.6094379124341003,1,3.405355391810819,0,1,1,0,0,0,0,0
17,2,29.69911764705882,0.0,0,2.6390573296152584,0,1,0,1,0,1,0,0
18,3,31.0,0.6931471805599453,0,2.9444389791664403,0,0,0,1,0,0,1,0
19,3,29.69911764705882,0.0,0,2.1071782966514356,0,0,0,0,0,0,1,0
20,2,35.0,0.0,0,3.295836866004329,0,1,0,1,0,1,0,0
21,2,34.0,0.0,0,2.6390573296152584,4,1,0,1,0,1,0,0
22,3,15.0,0.0,0,2.2004637699272855,0,0,1,0,1,0,0,0
23,1,28.0,0.0,0,3.597312260588446,5,1,0,1,0,1,0,0
24,3,8.0,1.3862943611198906,1,3.0944457464900235,0,0,0,1,1,0,0,0
25,3,38.0,0.6931471805599453,5,3.4777725458882283,0,0,0,1,0,0,1,0
26,3,29.69911764705882,0.0,0,2.1071782966514356,0,1,0,0,0,1,0,0
27,1,19.0,1.3862943611198906,2,5.575949103146316,1,1,0,1,0,1,0,0
28,3,29.69911764705882,0.0,0,2.1837114628556327,0,0,1,0,1,0,0,0
29,3,29.69911764705882,0.0,0,2.1855792552411137,0,1,0,1,0,1,0,0
30,1,40.0,0.0,0,3.357621598945279,0,1,0,0,0,0,0,1
31,1,29.69911764705882,0.6931471805599453,0,4.993969182787072,6,0,0,0,0,0,1,0
32,3,29.69911764705882,0.0,0,2.169053700369523,0,0,1,0,1,0,0,0
33,2,66.0,0.0,0,2.4423470353692043,0,1,0,1,0,1,0,0
34,1,28.0,0.6931471805599453,0,4.420896324687287,0,1,0,0,0,1,0,0
35,1,42.0,0.6931471805599453,0,3.970291913552122,0,1,0,1,0,1,0,0
36,3,29.69911764705882,0.0,0,2.1076888046179385,0,1,0,0,0,1,0,0
37,3,21.0,0.0,0,2.2027647577118348,0,1,0,1,0,1,0,0
38,3,18.0,1.0986122886681098,0,2.9444389791664403,0,0,0,1,1,0,0,0
39,3,14.0,0.6931471805599453,0,2.5048481563289,0,0,0,0,1,0,0,0
40,3,40.0,0.6931471805599453,0,2.348991465808201,0,0,0,1,0,0,1,0
41,2,27.0,0.6931471805599453,0,3.091042453358316,0,0,0,1,0,0,1,0
42,3,29.69911764705882,0.0,0,2.1855792552411137,0,1,0,0,0,1,0,0
43,2,3.0,0.6931471805599453,2,3.7513658711253766,0,0,0,0,1,0,0,0
44,3,19.0,0.0,0,2.1837114628556327,0,0,1,0,1,0,0,0
45,3,29.69911764705882,0.0,0,2.2027647577118348,0,1,0,1,0,1,0,0
46,3,29.69911764705882,0.6931471805599453,0,2.803360380906535,0,1,1,0,0,1,0,0
47,3,29.69911764705882,0.0,0,2.169053700369523,0,0,1,0,1,0,0,0
48,3,29.69911764705882,1.0986122886681098,0,3.1214482048688246,0,1,0,0,0,1,0,0
49,3,18.0,0.6931471805599453,0,2.9338568698359038,0,0,0,1,0,0,1,0
50,3,7.0,1.6094379124341003,1,3.705920919968788,0,1,0,1,0,0,0,0
51,3,21.0,0.0,0,2.174751721484161,0,1,0,1,0,1,0,0
52,1,49.0,0.6931471805599453,0,4.353230991152628,4,0,0,0,0,0,1,0
53,2,29.0,0.6931471805599453,0,3.295836866004329,0,0,0,1,0,0,1,0
54,1,65.0,0.0,1,4.142804513146981,6,1,0,0,0,1,0,0
55,1,29.69911764705882,0.0,0,3.597312260588446,1,1,0,1,0,1,0,0
56,2,21.0,0.0,0,2.4423470353692043,0,0,0,1,1,0,0,0
57,3,28.5,0.0,0,2.1076888046179385,0,1,0,0,0,1,0,0
58,2,5.0,0.6931471805599453,2,3.3586377672433594,0,0,0,1,1,0,0,0
59,3,11.0,1.791759469228055,2,3.8691155044168695,0,1,0,1,0,0,0,0
60,3,22.0,0.0,0,2.1076888046179385,0,1,0,0,0,1,0,0
61,1,38.0,0.0,0,4.394449154672439,6,0,0,0,1,0,0,0
62,1,45.0,0.6931471805599453,0,4.436455632600354,1,1,0,1,0,1,0,0
63,3,4.0,1.3862943611198906,2,3.3638415951183864,0,1,0,1,0,0,0,0
64,1,29.69911764705882,0.0,0,3.357621598945279,0,1,0,0,0,1,0,0
65,3,29.69911764705882,0.6931471805599453,1,2.7878344138303452,0,1,0,0,0,0,0,0
66,2,29.0,0.0,0,2.4423470353692043,7,0,0,1,0,0,1,0
67,3,19.0,0.0,0,2.2146605719425225,0,1,0,1,0,1,0,0
68,3,17.0,1.6094379124341003,2,2.188856327665703,0,0,0,1,1,0,0,0
69,3,26.0,1.0986122886681098,0,2.2682524139135403,0,1,0,1,0,1,0,0
70,2,32.0,0.0,0,2.4423470353692043,0,1,0,1,0,1,0,0
71,3,16.0,1.791759469228055,2,3.8691155044168695,0,0,0,1,1,0,0,0
72,2,21.0,0.0,0,4.310799125385514,0,1,0,1,0,1,0,0
73,3,26.0,0.6931471805599453,0,2.737880811060884,0,1,0,0,0,1,0,0
74,3,32.0,0.0,0,4.05171190165724,0,1,0,1,0,1,0,0
75,3,25.0,0.0,0,2.157559320943788,7,1,0,1,0,1,0,0
76,3,29.69911764705882,0.0,0,2.1855792552411137,0,1,0,1,0,1,0,0
77,3,29.69911764705882,0.0,0,2.2027647577118348,0,1,0,1,0,1,0,0
78,2,0.83,0.0,2,3.4011973816621555,0,1,0,1,0,0,0,0
79,3,30.0,0.0,0,2.600836116795061,0,0,0,1,1,0,0,0
80,3,22.0,0.0,0,2.302585092994046,0,1,0,1,0,1,0,0
81,3,29.0,0.0,0,2.3513752571634776,0,1,0,1,0,1,0,0
82,3,29.69911764705882,0.0,0,2.1733302571367834,0,0,1,0,1,0,0,0
83,1,28.0,0.0,0,3.8732821771117156,0,1,0,1,0,1,0,0
84,2,17.0,0.0,0,2.4423470353692043,0,0,0,1,1,0,0,0
85,3,33.0,1.3862943611198906,0,2.8243506567983707,0,0,0,1,0,0,1,0
86,3,16.0,0.6931471805599453,3,3.5660053559634015,0,1,0,1,0,1,0,0
87,3,29.69911764705882,0.0,0,2.2027647577118348,0,1,0,1,0,1,0,0
88,1,23.0,1.3862943611198906,2,5.575949103146316,1,0,0,1,1,0,0,0
89,3,24.0,0.0,0,2.2027647577118348,0,1,0,1,0,1,0,0
90,3,29.0,0.0,0,2.2027647577118348,0,1,0,1,0,1,0,0
91,3,20.0,0.0,0,2.180891922715322,0,1,0,1,0,1,0,0
92,1,46.0,0.6931471805599453,0,4.1299529896894684,2,1,0,1,0,1,0,0
93,3,26.0,0.6931471805599453,2,3.0715352369694915,0,1,0,1,0,1,0,0
94,3,59.0,0.0,0,2.1102132003465894,0,1,0,1,0,1,0,0
95,3,29.69911764705882,0.0,0,2.2027647577118348,0,1,0,1,0,1,0,0
96,1,71.0,0.0,0,3.57386695198272,5,1,0,0,0,1,0,0
97,1,23.0,0.0,1,4.164465907853638,4,1,0,0,0,1,0,0
98,2,34.0,0.0,1,3.1780538303479458,0,0,0,1,0,0,1,0
99,2,34.0,0.6931471805599453,0,3.295836866004329,0,1,0,1,0,1,0,0
100,3,28.0,0.0,0,2.1855792552411137,0,0,0,1,1,0,0,0
101,3,29.69911764705882,0.0,0,2.1855792552411137,0,1,0,1,0,1,0,0
102,1,21.0,0.0,1,4.360387947851531,4,1,0,1,0,1,0,0
103,3,33.0,0.0,0,2.267393053825037,0,1,0,1,0,1,0,0
104,3,37.0,1.0986122886681098,0,2.188856327665703,0,1,0,1,0,1,0,0
105,3,28.0,0.0,0,2.1855792552411137,0,1,0,1,0,1,0,0
106,3,21.0,0.0,0,2.157559320943788,0,0,0,1,1,0,0,0
107,3,29.69911764705882,0.0,0,2.1719067693519296,0,1,0,1,0,1,0,0
108,3,38.0,0.0,0,2.1855792552411137,0,1,0,1,0,1,0,0
109,3,29.69911764705882,0.6931471805599453,0,3.224857896545748,0,0,1,0,1,0,0,0
110,1,47.0,0.0,0,3.970291913552122,1,1,0,1,0,1,0,0
111,3,14.5,0.6931471805599453,0,2.737880811060884,0,0,0,0,1,0,0,0
112,3,22.0,0.0,0,2.2027647577118348,0,1,0,1,0,1,0,0
113,3,20.0,0.6931471805599453,0,2.3818582738885534,0,0,0,1,1,0,0,0
114,3,17.0,0.0,0,2.738146075922933,0,0,0,0,1,0,0,0
115,3,21.0,0.0,0,2.188856327665703,0,1,0,1,0,1,0,0
116,3,70.5,0.0,0,2.169053700369523,0,1,1,0,0,1,0,0
117,2,29.0,0.6931471805599453,0,3.091042453358316,0,1,0,1,0,1,0,0
118,1,24.0,0.0,1,5.515526544247129,6,1,0,0,0,1,0,0
119,3,2.0,1.6094379124341003,2,3.4742929367327062,0,0,0,1,1,0,0,0
120,2,21.0,1.0986122886681098,0,4.310799125385514,0,1,0,1,0,1,0,0
121,3,29.69911764705882,0.0,0,2.2027647577118348,0,1,0,1,0,1,0,0
122,2,32.5,0.6931471805599453,0,3.436268471383741,0,1,0,0,0,1,0,0
123,2,32.5,0.0,0,2.6390573296152584,2,0,0,1,1,0,0,0
124,1,54.0,0.0,1,4.360387947851531,4,1,0,1,0,1,0,0
125,3,12.0,0.6931471805599453,0,2.5048481563289,0,1,0,0,0,0,0,0
126,3,29.69911764705882,0.0,0,2.169053700369523,0,1,1,0,0,1,0,0
127,3,24.0,0.0,0,2.0969990034181696,0,1,0,1,0,1,0,0
128,3,29.69911764705882,0.6931471805599453,1,3.1509523813392697,7,0,0,0,1,0,0,0
129,3,45.0,0.0,0,2.076311648670908,0,1,0,1,0,1,0,0
130,3,33.0,0.0,0,2.1855792552411137,0,1,0,0,0,1,0,0
131,3,20.0,0.0,0,2.0856720914304723,0,1,0,1,0,1,0,0
132,3,47.0,0.6931471805599453,0,2.740840023925201,0,0,0,1,0,0,1,0
133,2,29.0,0.6931471805599453,0,3.295836866004329,0,0,0,1,0,0,1,0
134,2,25.0,0.0,0,2.6390573296152584,0,1,0,1,0,1,0,0
135,2,23.0,0.0,0,2.775447133088262,0,1,0,0,0,1,0,0
136,1,19.0,0.0,2,3.3062747934011893,4,0,0,1,1,0,0,0
137,1,37.0,0.6931471805599453,0,3.9908341858524357,1,1,0,1,0,1,0,0
138,3,16.0,0.0,0,2.3240236363515288,0,1,0,1,0,1,0,0
139,1,24.0,0.0,0,4.384523514872469,6,1,0,0,0,1,0,0
140,3,29.69911764705882,0.0,2,2.7878344138303452,0,0,0,0,0,0,1,0
141,3,22.0,0.0,0,2.169053700369523,0,0,0,1,1,0,0,0
142,3,24.0,0.6931471805599453,0,2.8243506567983707,0,0,0,1,0,0,1,0
143,3,19.0,0.0,0,2.0476928433652555,0,1,1,0,0,1,0,0
144,2,18.0,0.0,0,2.5257286443082556,0,1,0,1,0,1,0,0
145,2,19.0,0.6931471805599453,1,3.6309854756950335,0,1,0,1,0,1,0,0
146,3,27.0,0.0,0,2.174274334826008,0,1,0,1,0,1,0,0
147,3,9.0,1.0986122886681098,2,3.5660053559634015,0,0,0,1,1,0,0,0
148,2,36.5,0.0,2,3.295836866004329,7,1,0,1,0,1,0,0
149,2,42.0,0.0,0,2.6390573296152584,0,1,0,1,0,0,0,1
150,2,51.0,0.0,0,2.6045398247325453,0,1,0,1,0,0,0,1
151,1,22.0,0.6931471805599453,0,4.213607983048918,1,0,0,1,0,0,1,0
152,3,55.5,0.0,0,2.2027647577118348,0,1,0,1,0,1,0,0
153,3,40.5,0.0,2,2.740840023925201,0,1,0,1,0,1,0,0
154,3,29.69911764705882,0.0,0,2.1177604059819726,0,1,0,1,0,1,0,0
155,1,51.0,0.0,1,4.133231886474144,0,1,0,0,0,1,0,0
156,3,16.0,0.0,0,2.167143305297764,0,0,1,0,1,0,0,0
157,3,30.0,0.0,0,2.2027647577118348,0,1,0,1,0,1,0,0
158,3,29.69911764705882,0.0,0,2.2682524139135403,0,1,0,1,0,1,0,0
159,3,29.69911764705882,2.1972245773362196,2,4.256321678298823,0,1,0,1,0,0,0,0
160,3,44.0,0.0,1,2.8390784635086144,0,1,0,1,0,1,0,0
161,2,40.0,0.0,0,2.8183982582710754,0,0,0,1,0,0,1,0
162,3,26.0,0.0,0,2.1719067693519296,0,1,0,1,0,1,0,0
163,3,17.0,0.0,0,2.2682524139135403,0,1,0,1,0,1,0,0
164,3,1.0,1.6094379124341003,1,3.705920919968788,0,1,0,1,0,0,0,0
165,3,9.0,0.0,2,3.0692150503137943,0,1,0,1,0,0,0,0
166,1,29.69911764705882,0.0,1,4.02535169073515,2,0,0,1,0,0,1,0
167,3,45.0,0.6931471805599453,4,3.3638415951183864,0,0,0,1,0,0,1,0
168,1,29.69911764705882,0.0,0,3.2930552230424524,0,1,0,1,0,1,0,0
169,3,28.0,0.0,0,4.05171190165724,0,1,0,1,0,1,0,0
170,1,61.0,0.0,0,3.5409593240373143,6,1,0,1,0,1,0,0
171,3,4.0,1.6094379124341003,1,3.405355391810819,0,1,1,0,0,0,0,0
172,3,1.0,0.6931471805599453,1,2.495953738718064,0,0,0,1,1,0,0,0
173,3,21.0,0.0,0,2.188856327665703,0,1,0,1,0,1,0,0
174,1,56.0,0.0,0,3.4561841799918147,5,1,0,0,0,1,0,0
175,3,18.0,0.6931471805599453,1,2.180891922715322,0,1,0,1,0,1,0,0
176,3,29.69911764705882,1.3862943611198906,1,3.275887339030031,0,1,0,1,0,0,0,0
177,1,50.0,0.0,0,3.391567832686312,1,0,0,0,1,0,0,0
178,2,30.0,0.0,0,2.6390573296152584,0,1,0,1,0,1,0,0
179,3,36.0,0.0,0,0.0,0,1,0,1,0,1,0,0
180,3,29.69911764705882,2.1972245773362196,2,4.256321678298823,0,0,0,1,1,0,0,0
181,2,29.69911764705882,0.0,0,2.775708849576025,0,1,0,0,0,1,0,0
182,3,9.0,1.6094379124341003,2,3.4777725458882283,0,1,0,1,0,0,0,0
183,2,1.0,1.0986122886681098,1,3.6888794541139363,7,1,0,1,0,0,0,0
184,3,4.0,0.0,2,3.1365805821413706,0,0,0,1,1,0,0,0
185,1,29.69911764705882,0.0,0,3.9318256327243257,5,1,0,1,0,1,0,0
186,3,29.69911764705882,0.6931471805599453,0,2.803360380906535,0,0,1,0,0,0,1,0
187,1,45.0,0.0,0,3.3160025355989236,0,1,0,1,0,1,0,0
188,3,40.0,0.6931471805599453,1,2.803360380906535,0,1,1,0,0,1,0,0
189,3,36.0,0.0,0,2.1855792552411137,0,1,0,1,0,1,0,0
190,2,32.0,0.0,0,2.6390573296152584,0,0,0,1,0,0,1,0
191,2,19.0,0.0,0,2.6390573296152584,0,1,0,1,0,1,0,0
192,3,19.0,0.6931471805599453,0,2.180891922715322,0,0,0,1,1,0,0,0
193,2,3.0,0.6931471805599453,1,3.295836866004329,7,1,0,1,0,0,0,0
194,1,44.0,0.0,0,3.357621598945279,6,0,0,0,0,0,1,0
195,1,58.0,0.0,0,4.993969182787072,6,0,0,0,1,0,0,0
196,3,29.69911764705882,0.0,0,2.169053700369523,0,1,1,0,0,1,0,0
197,3,42.0,0.0,1,2.2411563979973974,0,1,0,1,0,1,0,0
198,3,29.69911764705882,0.0,0,2.169053700369523,0,0,1,0,1,0,0,0
199,2,24.0,0.0,0,2.6390573296152584,0,0,0,1,1,0,0,0
200,3,28.0,0.0,0,2.3513752571634776,0,1,0,1,0,1,0,0
201,3,29.69911764705882,2.1972245773362196,2,4.256321678298823,0,1,0,1,0,1,0,0
202,3,34.0,0.0,0,2.0143428636837015,0,1,0,1,0,1,0,0
203,3,45.5,0.0,0,2.1071782966514356,0,1,0,0,0,1,0,0
204,3,18.0,0.0,0,2.2027647577118348,0,1,0,1,0,1,0,0
205,3,2.0,0.0,1,2.4390808375825834,3,0,0,1,1,0,0,0
206,3,32.0,0.6931471805599453,0,2.8243506567983707,0,1,0,1,0,1,0,0
207,3,26.0,0.0,0,2.9850504252071306,0,1,0,0,0,1,0,0
208,3,16.0,0.0,0,2.169053700369523,0,0,1,0,1,0,0,0
209,1,40.0,0.0,0,3.4657359027997265,5,1,0,0,0,1,0,0
210,3,24.0,0.0,0,2.0856720914304723,0,1,0,1,0,1,0,0
211,2,35.0,0.0,0,3.091042453358316,0,0,0,1,1,0,0,0
212,3,22.0,0.0,0,2.1102132003465894,0,1,0,1,0,1,0,0
213,2,30.0,0.0,0,2.6390573296152584,0,1,0,1,0,1,0,0
214,3,29.69911764705882,0.6931471805599453,0,2.169053700369523,0,1,1,0,0,1,0,0
215,1,31.0,0.6931471805599453,0,4.738607824217808,4,0,0,0,1,0,0,0
216,3,27.0,0.0,0,2.188856327665703,0,0,0,1,1,0,0,0
217,2,42.0,0.6931471805599453,0,3.332204510175204,0,1,0,1,0,1,0,0
218,1,32.0,0.0,0,4.347586575960343,4,0,0,0,1,0,0,0
219,2,30.0,0.0,0,2.4423470353692043,0,1,0,1,0,1,0,0
220,3,16.0,0.0,0,2.2027647577118348,0,1,0,1,0,1,0,0
221,2,27.0,0.0,0,2.6390573296152584,0,1,0,1,0,1,0,0
222,3,51.0,0.0,0,2.2027647577118348,0,1,0,1,0,1,0,0
223,3,29.69911764705882,0.0,0,2.1855792552411137,0,1,0,1,0,1,0,0
224,1,38.0,0.6931471805599453,0,4.51085950651685,1,1,0,1,0,1,0,0
225,3,22.0,0.0,0,2.336986519711378,0,1,0,1,0,1,0,0
226,2,19.0,0.0,0,2.4423470353692043,0,1,0,1,0,1,0,0
227,3,20.5,0.0,0,2.1102132003465894,0,1,0,1,0,1,0,0
228,2,18.0,0.0,0,2.6390573296152584,0,1,0,1,0,1,0,0
229,3,29.69911764705882,1.3862943611198906,1,3.275887339030031,0,0,0,1,1,0,0,0
230,1,35.0,0.6931471805599453,0,4.436455632600354,1,0,0,1,0,0,1,0
231,3,29.0,0.0,0,2.1719067693519296,0,1,0,1,0,1,0,0
232,2,59.0,0.0,0,2.6741486494265287,0,1,0,1,0,1,0,0
233,3,5.0,1.6094379124341003,2,3.4777725458882283,0,0,0,1,1,0,0,0
234,2,24.0,0.0,0,2.4423470353692043,0,1,0,1,0,1,0,0
235,3,29.69911764705882,0.0,0,2.145931282948669,0,0,0,1,1,0,0,0
236,2,44.0,0.6931471805599453,0,3.295836866004329,0,1,0,1,0,1,0,0
237,2,8.0,0.0,2,3.305053521109253,0,0,0,1,1,0,0,0
238,2,19.0,0.0,0,2.4423470353692043,0,1,0,1,0,1,0,0
239,2,33.0,0.0,0,2.5858825671280026,0,1,0,1,0,1,0,0
240,3,29.69911764705882,0.6931471805599453,0,2.737880811060884,0,0,0,0,1,0,0,0
241,3,29.69911764705882,0.6931471805599453,0,2.803360380906535,0,0,1,0,1,0,0,0
242,2,29.0,0.0,0,2.4423470353692043,0,1,0,1,0,1,0,0
243,3,22.0,0.0,0,2.094945728215801,0,1,0,1,0,1,0,0
244,3,30.0,0.0,0,2.1071782966514356,0,1,0,0,0,1,0,0
245,1,44.0,1.0986122886681098,0,4.51085950651685,1,1,1,0,0,0,0,1
246,3,25.0,0.0,0,2.1719067693519296,0,0,0,1,1,0,0,0
247,2,24.0,0.0,2,2.740840023925201,0,0,0,1,0,0,1,0
248,1,37.0,0.6931471805599453,1,3.9806942251907276,4,1,0,1,0,1,0,0
249,2,54.0,0.6931471805599453,0,3.295836866004329,0,1,0,1,0,0,0,1
250,3,29.69911764705882,0.0,0,2.1102132003465894,0,1,0,1,0,1,0,0
251,3,29.0,0.6931471805599453,1,2.4390808375825834,3,0,0,1,0,0,1,0
252,1,62.0,0.0,0,3.3160025355989236,1,1,0,1,0,1,0,0
253,3,30.0,0.6931471805599453,0,2.8390784635086144,0,1,0,1,0,1,0,0
254,3,41.0,0.0,2,3.0545906305603445,0,0,0,1,0,0,1,0
255,3,29.0,0.0,2,2.7878344138303452,0,0,0,0,0,0,1,0
256,1,29.69911764705882,0.0,0,4.384523514872469,0,0,0,0,0,0,1,0
257,1,30.0,0.0,0,4.471638793363569,6,0,0,1,1,0,0,0
258,1,35.0,0.0,0,6.240917354759096,0,0,0,0,1,0,0,0
259,2,50.0,0.0,1,3.295836866004329,0,0,0,1,0,0,1,0
260,3,29.69911764705882,0.0,0,2.169053700369523,0,1,1,0,0,1,0,0
261,3,3.0,1.6094379124341003,2,3.4777725458882283,0,1,0,1,0,0,0,0
262,1,52.0,0.6931471805599453,1,4.390118804571218,2,1,0,1,0,1,0,0
263,1,40.0,0.0,0,0.0,6,1,0,1,0,1,0,0
264,3,29.69911764705882,0.0,0,2.169053700369523,0,0,1,0,1,0,0,0
265,2,36.0,0.0,0,2.4423470353692043,0,1,0,1,0,1,0,0
266,3,16.0,1.6094379124341003,1,3.705920919968788,0,1,0,1,0,1,0,0
267,3,25.0,0.6931471805599453,0,2.1719067693519296,0,1,0,1,0,1,0,0
268,1,58.0,0.0,1,5.039951348430309,1,0,0,1,0,0,1,0
269,1,35.0,0.0,0,4.91730069488021,1,0,0,1,1,0,0,0
270,1,29.69911764705882,0.0,0,3.4657359027997265,0,1,0,1,0,1,0,0
271,3,25.0,0.0,0,0.0,0,1,0,1,0,1,0,0
272,2,41.0,0.0,1,3.0204248861443626,0,0,0,1,0,0,1,0
273,1,37.0,0.0,1,3.4242626545931514,1,1,0,0,0,1,0,0
274,3,29.69911764705882,0.0,0,2.169053700369523,0,0,1,0,1,0,0,0
275,1,63.0,0.6931471805599453,0,4.368919865004903,4,0,0,1,1,0,0,0
276,3,45.0,0.0,0,2.169053700369523,0,0,0,1,1,0,0,0
277,2,29.69911764705882,0.0,0,0.0,0,1,0,1,0,1,0,0
278,3,7.0,1.6094379124341003,1,3.405355391810819,0,1,1,0,0,0,0,0
279,3,35.0,0.6931471805599453,1,3.056356895370426,0,0,0,1,0,0,1,0
280,3,65.0,0.0,0,2.169053700369523,0,1,1,0,0,1,0,0
281,3,28.0,0.0,0,2.180891922715322,0,1,0,1,0,1,0,0
282,3,16.0,0.0,0,2.3513752571634776,0,1,0,1,0,1,0,0
283,3,19.0,0.0,0,2.2027647577118348,0,1,0,1,0,1,0,0
284,1,29.69911764705882,0.0,0,3.295836866004329,5,1,0,1,0,1,0,0
285,3,33.0,0.0,0,2.2682524139135403,0,1,0,0,0,1,0,0
286,3,30.0,0.0,0,2.3513752571634776,0,1,0,1,0,1,0,0
287,3,22.0,0.0,0,2.1855792552411137,0,1,0,1,0,1,0,0
288,2,42.0,0.0,0,2.6390573296152584,0,1,0,1,0,1,0,0
289,3,22.0,0.0,0,2.169053700369523,0,0,1,0,1,0,0,0
290,1,26.0,0.0,0,4.380149874661021,0,0,0,1,1,0,0,0
291,1,19.0,0.6931471805599453,0,4.5226490762785785,6,0,0,0,0,0,1,0
292,2,36.0,0.0,0,2.630088659632498,4,1,0,0,0,1,0,0
293,3,24.0,0.0,0,2.2874714551839976,0,0,0,1,1,0,0,0
294,3,24.0,0.0,0,2.1855792552411137,0,1,0,1,0,1,0,0
295,1,29.69911764705882,0.0,0,3.357621598945279,0,1,0,0,0,1,0,0
296,3,23.5,0.0,0,2.1076888046179385,0,1,0,0,0,1,0,0
297,1,2.0,0.6931471805599453,2,5.027492411162679,1,0,0,1,1,0,0,0
298,1,29.69911764705882,0.0,0,3.449987545831587,1,1,0,1,0,1,0,0
299,1,50.0,0.0,1,5.515526544247129,6,0,0,0,0,0,1,0
300,3,29.69911764705882,0.0,0,2.169053700369523,0,0,1,0,1,0,0,0
301,3,29.69911764705882,1.0986122886681098,0,3.188416617383492,0,1,1,0,0,1,0,0
302,3,19.0,0.0,0,0.0,0,1,0,1,0,1,0,0
303,2,29.69911764705882,0.0,0,2.5915163848462583,2,0,1,0,1,0,0,0
304,3,29.69911764705882,0.0,0,2.2027647577118348,0,1,0,1,0,1,0,0
305,1,0.92,0.6931471805599453,2,5.027492411162679,1,1,0,1,0,0,0,0
306,1,29.69911764705882,0.0,0,4.717456363787216,0,0,0,0,1,0,0,0
307,1,17.0,0.6931471805599453,0,4.699570861409576,1,0,0,0,0,0,1,0
308,2,30.0,0.6931471805599453,0,3.2188758248682006,0,1,0,0,0,1,0,0
309,1,30.0,0.0,0,4.0592215752427645,2,0,0,0,1,0,0,0
310,1,24.0,0.0,0,4.432699549165613,1,0,0,0,1,0,0,0
311,1,18.0,1.0986122886681098,2,5.5735788721243535,6,0,0,0,1,0,0,0
312,2,26.0,0.6931471805599453,1,3.295836866004329,0,0,0,1,0,0,1,0
313,3,28.0,0.0,0,2.1855792552411137,0,1,0,1,0,1,0,0
314,2,43.0,0.6931471805599453,1,3.305053521109253,0,1,0,1,0,1,0,0
315,3,26.0,0.0,0,2.180891922715322,0,0,0,1,1,0,0,0
316,2,24.0,0.6931471805599453,0,3.295836866004329,0,0,0,1,0,0,1,0
317,2,54.0,0.0,0,2.70805020110221,0,1,0,1,0,0,0,1
318,1,31.0,0.0,2,5.11118445372147,1,0,0,1,1,0,0,0
319,1,40.0,0.6931471805599453,1,4.908971640319756,2,0,0,0,0,0,1,0
320,3,22.0,0.0,0,2.1102132003465894,0,1,0,1,0,1,0,0
321,3,27.0,0.0,0,2.1855792552411137,0,1,0,1,0,1,0,0
322,2,30.0,0.0,0,2.5915163848462583,0,0,1,0,1,0,0,0
323,2,22.0,0.6931471805599453,1,3.4011973816621555,0,0,0,1,0,0,1,0
324,3,29.69911764705882,2.1972245773362196,2,4.256321678298823,0,1,0,1,0,1,0,0
325,1,36.0,0.0,0,4.91730069488021,1,0,0,0,1,0,0,0
326,3,61.0,0.0,0,1.9792758428991135,0,1,0,1,0,1,0,0
327,2,36.0,0.0,0,2.6390573296152584,4,0,0,1,0,0,1,0
328,3,31.0,0.6931471805599453,1,3.0692150503137943,0,0,0,1,0,0,1,0
329,1,16.0,0.0,1,4.077184839375167,6,0,0,0,1,0,0,0
330,3,29.69911764705882,1.0986122886681098,0,3.188416617383492,0,0,1,0,1,0,0,0
331,1,45.5,0.0,0,3.3843902633457743,1,1,0,1,0,1,0,0
332,1,38.0,0.0,1,5.039951348430309,1,1,0,1,0,1,0,0
333,3,16.0,1.0986122886681098,0,2.9444389791664403,0,1,0,1,0,1,0,0
334,1,29.69911764705882,0.6931471805599453,0,4.902678819257608,0,0,0,1,0,0,1,0
335,3,29.69911764705882,0.0,0,2.1855792552411137,0,1,0,1,0,1,0,0
336,1,29.0,0.6931471805599453,0,4.213607983048918,1,1,0,1,0,1,0,0
337,1,41.0,0.0,0,4.908971640319756,2,0,0,0,1,0,0,0
338,3,45.0,0.0,0,2.2027647577118348,0,1,0,1,0,1,0,0
339,1,45.0,0.0,0,3.597312260588446,8,1,0,1,0,1,0,0
340,2,2.0,0.6931471805599453,1,3.295836866004329,7,1,0,1,0,0,0,0
341,1,24.0,1.3862943611198906,2,5.575949103146316,1,0,0,1,1,0,0,0
342,2,28.0,0.0,0,2.6390573296152584,0,1,0,1,0,1,0,0
343,2,25.0,0.0,0,2.6390573296152584,0,1,0,1,0,1,0,0
344,2,36.0,0.0,0,2.6390573296152584,0,1,0,1,0,1,0,0
345,2,24.0,0.0,0,2.6390573296152584,7,0,0,1,1,0,0,0
346,2,40.0,0.0,0,2.6390573296152584,0,0,0,1,1,0,0,0
347,3,29.69911764705882,0.6931471805599453,0,2.8390784635086144,0,0,0,1,0,0,1,0
348,3,3.0,0.6931471805599453,1,2.8273136219290276,0,1,0,1,0,0,0,0
349,3,42.0,0.0,0,2.2682524139135403,0,1,0,1,0,1,0,0
350,3,23.0,0.0,0,2.3248357019288655,0,1,0,1,0,1,0,0
351,1,29.69911764705882,0.0,0,3.58351893845611,1,1,0,1,0,1,0,0
352,3,15.0,0.6931471805599453,1,2.1076888046179385,0,1,0,0,0,1,0,0
353,3,25.0,0.6931471805599453,0,2.9338568698359038,0,1,0,1,0,1,0,0
354,3,29.69911764705882,0.0,0,2.1071782966514356,0,1,0,0,0,1,0,0
355,3,28.0,0.0,0,2.3513752571634776,0,1,0,1,0,1,0,0
356,1,22.0,0.0,1,4.02535169073515,2,0,0,1,1,0,0,0
357,2,38.0,0.0,0,2.6390573296152584,0,0,0,1,1,0,0,0
358,3,29.69911764705882,0.0,0,2.1837114628556327,0,0,1,0,1,0,0,0
359,3,29.69911764705882,0.0,0,2.1837114628556327,0,0,1,0,1,0,0,0
360,3,40.0,0.6931471805599453,4,3.3638415951183864,0,1,0,1,0,1,0,0
361,2,29.0,0.6931471805599453,0,3.357621598945279,0,1,0,0,0,1,0,0
362,3,45.0,0.0,1,2.737880811060884,0,0,0,0,0,0,1,0
363,3,35.0,0.0,0,2.0856720914304723,0,1,0,1,0,1,0,0
364,3,29.69911764705882,0.6931471805599453,0,2.803360380906535,0,1,1,0,0,1,0,0
365,3,30.0,0.0,0,2.1102132003465894,0,1,0,1,0,1,0,0
366,1,60.0,0.6931471805599453,0,4.334017415487521,4,0,0,0,0,0,1,0
367,3,29.69911764705882,0.0,0,2.1076888046179385,0,0,0,0,0,0,1,0
368,3,29.69911764705882,0.0,0,2.169053700369523,0,0,1,0,1,0,0,0
369,1,24.0,0.0,0,4.252771798816619,6,0,0,0,0,1,0,0
370,1,25.0,0.6931471805599453,0,4.0332082470129285,2,1,0,0,0,1,0,0
371,3,18.0,0.6931471805599453,0,2.0143428636837015,0,1,0,1,0,1,0,0
372,3,19.0,0.0,0,2.2027647577118348,0,1,0,1,0,1,0,0
373,1,22.0,0.0,0,4.91730069488021,0,1,0,0,0,1,0,0
374,3,3.0,1.3862943611198906,1,3.0944457464900235,0,0,0,1,1,0,0,0
375,1,29.69911764705882,0.6931471805599453,0,4.420896324687287,0,0,0,0,0,0,1,0
376,3,22.0,0.0,0,2.1102132003465894,0,0,0,1,1,0,0,0
377,1,27.0,0.0,2,5.358941988364472,1,1,0,0,0,1,0,0
378,3,20.0,0.0,0,1.6119347926326877,0,1,0,0,0,1,0,0
379,3,19.0,0.0,0,2.1719067693519296,0,1,0,1,0,1,0,0
380,1,42.0,0.0,0,5.4316456135398825,0,0,0,0,1,0,0,0
381,3,1.0,0.0,2,2.817902613071225,0,0,0,0,1,0,0,0
382,3,32.0,0.0,0,2.188856327665703,0,1,0,1,0,1,0,0
383,1,35.0,0.6931471805599453,0,3.970291913552122,0,0,0,1,0,0,1,0
384,3,29.69911764705882,0.0,0,2.1855792552411137,0,1,0,1,0,1,0,0
385,2,18.0,0.0,0,4.310799125385514,0,1,0,1,0,1,0,0
386,3,1.0,1.791759469228055,2,3.8691155044168695,0,1,0,1,0,0,0,0
387,2,36.0,0.0,0,2.6390573296152584,0,0,0,1,1,0,0,0
388,3,29.69911764705882,0.0,0,2.1666737276227077,0,1,1,0,0,1,0,0
389,2,17.0,0.0,0,2.5649493574615367,0,0,0,0,1,0,0,0
390,1,36.0,0.6931471805599453,2,4.795790545596741,6,1,0,1,0,1,0,0
391,3,21.0,0.0,0,2.174274334826008,0,1,0,1,0,1,0,0
392,3,28.0,1.0986122886681098,0,2.188856327665703,0,1,0,1,0,1,0,0
393,1,23.0,0.6931471805599453,0,4.738607824217808,4,0,0,0,1,0,0,0
394,3,24.0,0.0,2,2.8735646395797834,3,0,0,1,0,0,1,0
395,3,22.0,0.0,0,2.174274334826008,0,1,0,1,0,1,0,0
396,3,31.0,0.0,0,2.180891922715322,0,0,0,1,1,0,0,0
397,2,46.0,0.0,0,3.295836866004329,0,1,0,1,0,1,0,0
398,2,23.0,0.0,0,2.4423470353692043,0,1,0,1,0,0,0,1
399,2,28.0,0.0,0,2.613739521630969,0,0,0,1,0,0,1,0
400,3,39.0,0.0,0,2.188856327665703,0,1,0,1,0,1,0,0
401,3,26.0,0.0,0,2.2027647577118348,0,1,0,1,0,1,0,0
402,3,21.0,0.6931471805599453,0,2.3818582738885534,0,0,0,1,1,0,0,0
403,3,28.0,0.6931471805599453,0,2.8243506567983707,0,1,0,1,0,1,0,0
404,3,20.0,0.0,0,2.2682524139135403,0,0,0,1,1,0,0,0
405,2,34.0,0.6931471805599453,0,3.091042453358316,0,1,0,1,0,1,0,0
406,3,51.0,0.0,0,2.169053700369523,0,1,0,1,0,1,0,0
407,2,3.0,0.6931471805599453,1,2.9831534913471307,0,1,0,1,0,0,0,0
408,3,21.0,0.0,0,2.1719067693519296,0,1,0,1,0,1,0,0
409,3,29.69911764705882,1.3862943611198906,1,3.275887339030031,0,0,0,1,1,0,0,0
410,3,29.69911764705882,0.0,0,2.1855792552411137,0,1,0,1,0,1,0,0
411,3,29.69911764705882,0.0,0,2.061570298060867,0,1,1,0,0,1,0,0
412,1,33.0,0.6931471805599453,0,4.51085950651685,1,0,1,0,1,0,0,0
413,2,29.69911764705882,0.0,0,0.0,0,1,0,1,0,1,0,0
414,3,44.0,0.0,0,2.188856327665703,0,1,0,1,0,1,0,0
415,3,29.69911764705882,0.0,0,2.2027647577118348,0,0,0,1,0,0,1,0
416,2,34.0,0.6931471805599453,1,3.5115454388310208,0,0,0,1,0,0,1,0
417,2,18.0,0.0,2,2.6390573296152584,0,0,0,1,1,0,0,0
418,2,30.0,0.0,0,2.6390573296152584,0,1,0,1,0,1,0,0
419,3,10.0,0.0,2,3.224857896545748,0,0,0,1,1,0,0,0
420,3,29.69911764705882,0.0,0,2.1855792552411137,0,1,0,0,0,1,0,0
421,3,21.0,0.0,0,2.167143305297764,0,1,1,0,0,1,0,0
422,3,29.0,0.0,0,2.1832383353614797,0,1,0,1,0,1,0,0
423,3,28.0,0.6931471805599453,1,2.7343675094195836,0,0,0,1,0,0,1,0
424,3,18.0,0.6931471805599453,1,3.0545906305603445,0,1,0,1,0,1,0,0
425,3,29.69911764705882,0.0,0,2.1102132003465894,0,1,0,1,0,1,0,0
426,2,28.0,0.6931471805599453,0,3.295836866004329,0,0,0,1,0,0,1,0
427,2,19.0,0.0,0,3.295836866004329,0,0,0,1,1,0,0,0
428,3,29.69911764705882,0.0,0,2.169053700369523,0,1,1,0,0,1,0,0
429,3,32.0,0.0,0,2.2027647577118348,2,1,0,1,0,1,0,0
430,1,28.0,0.0,0,3.3160025355989236,1,1,0,1,0,1,0,0
431,3,29.69911764705882,0.6931471805599453,0,2.8390784635086144,0,0,0,1,0,0,1,0
432,2,42.0,0.6931471805599453,0,3.295836866004329,0,0,0,1,0,0,1,0
433,3,17.0,0.0,0,2.094945728215801,0,1,0,1,0,1,0,0
434,1,50.0,0.6931471805599453,0,4.041295341132285,2,1,0,1,0,1,0,0
435,1,14.0,0.6931471805599453,2,4.795790545596741,6,0,0,1,1,0,0,0
436,3,21.0,1.0986122886681098,2,3.5660053559634015,0,0,0,1,1,0,0,0
437,2,24.0,1.0986122886681098,3,2.9831534913471307,0,0,0,1,0,0,1,0
438,1,64.0,0.6931471805599453,4,5.575949103146316,1,1,0,1,0,1,0,0
439,2,31.0,0.0,0,2.4423470353692043,0,1,0,1,0,1,0,0
440,2,45.0,0.6931471805599453,1,3.305053521109253,0,0,0,1,0,0,1,0
441,3,20.0,0.0,0,2.3513752571634776,0,1,0,1,0,1,0,0
442,3,25.0,0.6931471805599453,0,2.1719067693519296,0,1,0,1,0,1,0,0
443,2,28.0,0.0,0,2.6390573296152584,0,0,0,1,1,0,0,0
444,3,29.69911764705882,0.0,0,2.2096470973347766,0,1,0,1,0,1,0,0
445,1,4.0,0.0,2,4.417131919904876,5,1,0,1,0,0,0,0
446,2,13.0,0.0,1,3.0204248861443626,0,0,0,1,1,0,0,0
447,1,34.0,0.0,0,3.3160025355989236,0,1,0,1,0,1,0,0
448,3,5.0,1.0986122886681098,1,3.0085645861193133,0,0,0,0,1,0,0,0
449,1,52.0,0.0,0,3.449987545831587,1,1,0,1,0,0,0,1
450,2,36.0,0.6931471805599453,2,3.3586377672433594,0,1,0,1,0,1,0,0
451,3,29.69911764705882,0.6931471805599453,0,3.0429354648621407,0,1,0,1,0,1,0,0
452,1,30.0,0.0,0,3.3586377672433594,1,1,0,0,0,1,0,0
453,1,49.0,0.6931471805599453,0,4.500966778400217,1,1,0,0,0,1,0,0
454,3,29.69911764705882,0.0,0,2.2027647577118348,0,1,0,1,0,1,0,0
455,3,29.0,0.0,0,2.1855792552411137,0,1,0,0,0,1,0,0
456,1,65.0,0.0,0,3.3160025355989236,2,1,0,1,0,1,0,0
457,1,29.69911764705882,0.6931471805599453,0,3.967694202798607,4,0,0,1,0,0,1,0
458,2,50.0,0.0,0,2.4423470353692043,0,0,0,1,1,0,0,0
459,3,29.69911764705882,0.0,0,2.169053700369523,0,1,1,0,0,1,0,0
460,1,48.0,0.0,0,3.3160025355989236,2,1,0,1,0,1,0,0
461,3,34.0,0.0,0,2.2027647577118348,0,1,0,1,0,1,0,0
462,1,47.0,0.0,0,3.676300671907076,2,1,0,1,0,1,0,0
463,2,48.0,0.0,0,2.6390573296152584,0,1,0,1,0,1,0,0
464,3,29.69911764705882,0.0,0,2.2027647577118348,0,1,0,1,0,1,0,0
465,3,38.0,0.0,0,2.0856720914304723,0,1,0,1,0,1,0,0
466,2,29.69911764705882,0.0,0,0.0,0,1,0,1,0,1,0,0
467,1,56.0,0.0,0,3.3160025355989236,0,1,0,1,0,1,0,0
468,3,29.69911764705882,0.0,0,2.1661924680884908,0,1,1,0,0,1,0,0
469,3,0.75,1.0986122886681098,1,3.0085645861193133,0,0,0,0,1,0,0,0
470,3,29.69911764705882,0.0,0,2.1102132003465894,0,1,0,1,0,1,0,0
471,3,38.0,0.0,0,2.2682524139135403,0,1,0,1,0,1,0,0
472,2,33.0,0.6931471805599453,2,3.3586377672433594,0,0,0,1,0,0,1,0
473,2,23.0,0.0,0,2.694066212646058,4,0,0,0,0,0,1,0
474,3,22.0,0.0,0,2.3830123421066602,0,0,0,1,1,0,0,0
475,1,29.69911764705882,0.0,0,3.970291913552122,5,1,0,1,0,1,0,0
476,2,34.0,0.6931471805599453,0,3.091042453358316,0,1,0,1,0,1,0,0
477,3,29.0,0.6931471805599453,0,2.0851502161468174,0,1,0,1,0,1,0,0
478,3,22.0,0.0,0,2.142510233146819,0,1,0,1,0,1,0,0
479,3,2.0,0.0,1,2.586823743668066,0,0,0,1,1,0,0,0
480,3,9.0,1.791759469228055,2,3.8691155044168695,0,1,0,1,0,0,0,0
481,2,29.69911764705882,0.0,0,0.0,0,1,0,1,0,1,0,0
482,3,50.0,0.0,0,2.2027647577118348,0,1,0,1,0,1,0,0
483,3,63.0,0.0,0,2.3596740599781727,0,0,0,1,0,0,1,0
484,1,25.0,0.6931471805599453,0,4.5226490762785785,6,1,0,0,0,1,0,0
485,3,29.69911764705882,1.3862943611198906,1,3.275887339030031,0,0,0,1,1,0,0,0
486,1,35.0,0.6931471805599453,0,4.51085950651685,1,0,0,1,0,0,1,0
487,1,58.0,0.0,0,3.4242626545931514,6,1,0,0,0,1,0,0
488,3,30.0,0.0,0,2.2027647577118348,0,1,0,1,0,1,0,0
489,3,9.0,0.6931471805599453,1,2.8273136219290276,0,1,0,1,0,0,0,0
490,3,29.69911764705882,0.6931471805599453,0,3.0429354648621407,0,1,0,1,0,1,0,0
491,3,21.0,0.0,0,2.1102132003465894,0,1,0,1,0,1,0,0
492,1,55.0,0.0,0,3.449987545831587,1,1,0,1,0,1,0,0
493,1,71.0,0.0,0,3.922056501139853,0,1,0,0,0,1,0,0
494,3,21.0,0.0,0,2.2027647577118348,0,1,0,1,0,1,0,0
495,3,29.69911764705882,0.0,0,2.738146075922933,0,1,0,0,0,1,0,0
496,1,54.0,0.6931471805599453,0,4.37281811610993,4,0,0,0,1,0,0,0
497,3,29.69911764705882,0.0,0,2.7788192719904172,0,1,0,1,0,1,0,0
498,1,25.0,0.6931471805599453,2,5.027492411162679,1,0,0,1,0,0,1,0
499,3,24.0,0.0,0,2.174274334826008,0,1,0,1,0,1,0,0
500,3,17.0,0.0,0,2.2682524139135403,0,1,0,1,0,1,0,0
501,3,21.0,0.0,0,2.169053700369523,0,0,1,0,1,0,0,0
502,3,29.69911764705882,0.0,0,2.155151800914312,0,0,1,0,1,0,0,0
503,3,37.0,0.0,0,2.3596740599781727,0,0,0,1,1,0,0,0
504,1,16.0,0.0,0,4.471638793363569,6,0,0,1,1,0,0,0
505,1,18.0,0.6931471805599453,0,4.699570861409576,1,1,0,0,0,1,0,0
506,2,33.0,0.0,2,3.295836866004329,0,0,0,1,0,0,1,0
507,1,29.69911764705882,0.0,0,3.3160025355989236,0,1,0,1,0,1,0,0
508,3,28.0,0.0,0,3.1580636854714434,0,1,0,1,0,1,0,0
509,3,26.0,0.0,0,4.05171190165724,0,1,0,1,0,1,0,0
510,3,29.0,0.0,0,2.169053700369523,0,1,1,0,0,1,0,0
511,3,29.69911764705882,0.0,0,2.2027647577118348,0,1,0,1,0,1,0,0
512,1,36.0,0.0,0,3.3064287218760624,2,1,0,1,0,1,0,0
513,1,54.0,0.6931471805599453,0,4.100989104940769,0,0,0,0,0,0,1,0
514,3,24.0,0.0,0,2.139571923732859,0,1,0,1,0,1,0,0
515,1,47.0,0.0,0,3.5559421706858756,4,1,0,1,0,1,0,0
516,2,34.0,0.0,0,2.4423470353692043,7,0,0,1,0,0,1,0
517,3,29.69911764705882,0.0,0,3.224857896545748,0,1,1,0,0,1,0,0
518,2,36.0,0.6931471805599453,0,3.295836866004329,0,0,0,1,0,0,1,0
519,3,32.0,0.0,0,2.1855792552411137,0,1,0,1,0,1,0,0
520,1,30.0,0.0,0,4.548599834499697,6,0,0,1,1,0,0,0
521,3,22.0,0.0,0,2.1855792552411137,0,1,0,1,0,1,0,0
522,3,29.69911764705882,0.0,0,2.1071782966514356,0,1,0,0,0,1,0,0
523,1,44.0,0.0,1,4.077184839375167,6,0,0,0,0,0,1,0
524,3,29.69911764705882,0.0,0,2.1076888046179385,0,1,0,0,0,1,0,0
525,3,40.5,0.0,0,2.169053700369523,0,1,1,0,0,1,0,0
526,2,50.0,0.0,0,2.4423470353692043,0,0,0,1,1,0,0,0
527,1,29.69911764705882,0.0,0,5.406181146423973,1,1,0,1,0,1,0,0
528,3,39.0,0.0,0,2.188856327665703,0,1,0,1,0,1,0,0
529,2,23.0,1.0986122886681098,1,2.5257286443082556,0,1,0,1,0,1,0,0
530,2,2.0,0.6931471805599453,1,3.295836866004329,0,0,0,1,1,0,0,0
531,3,29.69911764705882,0.0,0,2.1076888046179385,0,1,0,0,0,1,0,0
532,3,17.0,0.6931471805599453,1,2.1076888046179385,0,1,0,0,0,1,0,0
533,3,29.69911764705882,0.0,2,3.1509523813392697,0,0,0,0,0,0,1,0
534,3,30.0,0.0,0,2.2682524139135403,0,0,0,1,1,0,0,0
535,2,7.0,0.0,2,3.305053521109253,0,0,0,1,1,0,0,0
536,1,45.0,0.0,0,3.3160025355989236,6,1,0,1,0,0,0,1
537,1,30.0,0.0,0,4.676792929661059,0,0,0,0,1,0,0,0
538,3,29.69911764705882,0.0,0,2.740840023925201,0,1,0,1,0,1,0,0
539,1,22.0,0.0,2,3.9219733362813143,6,0,0,0,1,0,0,0
540,1,36.0,0.0,2,4.276666119016055,6,0,0,1,1,0,0,0
541,3,9.0,1.6094379124341003,2,3.4742929367327062,0,0,0,1,1,0,0,0
542,3,11.0,1.6094379124341003,2,3.4742929367327062,0,0,0,1,1,0,0,0
543,2,32.0,0.6931471805599453,0,3.295836866004329,0,1,0,1,0,1,0,0
544,1,50.0,0.6931471805599453,0,4.676792929661059,1,1,0,0,0,1,0,0
545,1,64.0,0.0,0,3.295836866004329,0,1,0,1,0,1,0,0
546,2,19.0,0.6931471805599453,0,3.295836866004329,0,0,0,1,0,0,1,0
547,2,29.69911764705882,0.0,0,2.6988412620169004,0,1,0,0,0,1,0,0
548,3,33.0,0.6931471805599453,1,3.0692150503137943,0,1,0,1,0,1,0,0
549,2,8.0,0.6931471805599453,1,3.6309854756950335,0,1,0,1,0,0,0,0
550,1,17.0,0.0,2,4.717456363787216,1,1,0,0,0,1,0,0
551,2,27.0,0.0,0,3.295836866004329,0,1,0,1,0,1,0,0
552,3,29.69911764705882,0.0,0,2.17806441028492,0,1,1,0,0,1,0,0
553,3,22.0,0.0,0,2.1071782966514356,0,1,0,0,0,1,0,0
554,3,22.0,0.0,0,2.1719067693519296,0,0,0,1,1,0,0,0
555,1,62.0,0.0,0,3.3160025355989236,0,1,0,1,0,1,0,0
556,1,48.0,0.6931471805599453,0,3.703768066607687,5,0,0,0,0,0,0,1
557,1,29.69911764705882,0.0,0,5.4316456135398825,0,1,0,0,0,1,0,0
558,1,39.0,0.6931471805599453,1,4.390118804571218,2,0,0,1,0,0,1,0
559,3,36.0,0.6931471805599453,0,2.91235066461494,0,0,0,1,0,0,1,0
560,3,29.69911764705882,0.0,0,2.169053700369523,0,1,1,0,0,1,0,0
561,3,40.0,0.0,0,2.1855792552411137,0,1,0,1,0,1,0,0
562,2,28.0,0.0,0,2.6741486494265287,0,1,0,1,0,1,0,0
563,3,29.69911764705882,0.0,0,2.2027647577118348,0,1,0,1,0,1,0,0
564,3,29.69911764705882,0.0,0,2.2027647577118348,0,0,0,1,1,0,0,0
565,3,24.0,1.0986122886681098,0,3.224857896545748,0,1,0,1,0,1,0,0
566,3,19.0,0.0,0,2.1855792552411137,0,1,0,1,0,1,0,0
567,3,29.0,0.0,4,3.0944457464900235,0,0,0,1,0,0,1,0
568,3,29.69911764705882,0.0,0,2.1076888046179385,0,1,0,0,0,1,0,0
569,3,32.0,0.0,0,2.180891922715322,0,1,0,1,0,1,0,0
570,2,62.0,0.0,0,2.4423470353692043,0,1,0,1,0,1,0,0
571,1,53.0,1.0986122886681098,0,3.960416900617205,1,0,0,1,0,0,1,0
572,1,36.0,0.0,0,3.3100867049215847,2,1,0,1,0,1,0,0
573,3,29.69911764705882,0.0,0,2.169053700369523,0,0,1,0,1,0,0,0
574,3,16.0,0.0,0,2.2027647577118348,0,1,0,1,0,1,0,0
575,3,19.0,0.0,0,2.740840023925201,0,1,0,1,0,1,0,0
576,2,34.0,0.0,0,2.6390573296152584,0,0,0,1,1,0,0,0
577,1,39.0,0.6931471805599453,0,4.041295341132285,2,0,0,1,0,0,1,0
578,3,29.69911764705882,0.6931471805599453,0,2.738146075922933,0,0,0,0,0,0,1,0
579,3,32.0,0.0,0,2.188856327665703,0,1,0,1,0,1,0,0
580,2,25.0,0.6931471805599453,1,3.4339872044851463,0,0,0,1,1,0,0,0
581,1,39.0,0.6931471805599453,1,4.717456363787216,1,0,0,0,0,0,1,0
582,2,54.0,0.0,0,3.295836866004329,0,1,0,1,0,1,0,0
583,1,36.0,0.0,0,3.716616209085536,5,1,0,0,0,1,0,0
584,3,29.69911764705882,0.0,0,2.2734137156937657,0,1,0,0,0,1,0,0
585,1,18.0,0.0,2,4.390118804571218,2,0,0,1,1,0,0,0
586,2,47.0,0.0,0,2.772588722239781,0,1,0,1,0,1,0,0
587,1,60.0,0.6931471805599453,1,4.384523514872469,6,1,0,0,0,1,0,0
588,3,22.0,0.0,0,2.2027647577118348,0,1,0,1,0,1,0,0
589,3,29.69911764705882,0.0,0,2.2027647577118348,0,1,0,1,0,1,0,0
590,3,35.0,0.0,0,2.094945728215801,0,1,0,1,0,1,0,0
591,1,52.0,0.6931471805599453,0,4.37281811610993,4,0,0,0,0,0,1,0
592,3,47.0,0.0,0,2.1102132003465894,0,1,0,1,0,1,0,0
593,3,29.69911764705882,0.0,2,2.169053700369523,0,0,1,0,1,0,0,0
594,2,37.0,0.6931471805599453,0,3.295836866004329,0,1,0,1,0,1,0,0
595,3,36.0,0.6931471805599453,1,3.224857896545748,0,1,0,1,0,1,0,0
596,2,29.69911764705882,0.0,0,3.5263605246161616,0,0,0,1,1,0,0,0
597,3,49.0,0.0,0,0.0,0,1,0,1,0,1,0,0
598,3,29.69911764705882,0.0,0,2.1071782966514356,0,1,0,0,0,1,0,0
599,1,49.0,0.6931471805599453,0,4.0592215752427645,5,1,0,0,0,0,0,1
600,2,24.0,1.0986122886681098,1,3.332204510175204,0,0,0,1,0,0,1,0
601,3,29.69911764705882,0.0,0,2.1855792552411137,0,1,0,1,0,1,0,0
602,1,29.69911764705882,0.0,0,3.770459441106359,0,1,0,1,0,1,0,0
603,3,44.0,0.0,0,2.2027647577118348,0,1,0,1,0,1,0,0
604,1,35.0,0.0,0,3.3160025355989236,0,1,0,0,0,1,0,0
605,3,36.0,0.6931471805599453,0,2.806386101823072,0,1,0,1,0,1,0,0
606,3,30.0,0.0,0,2.1855792552411137,0,1,0,1,0,1,0,0
607,1,27.0,0.0,0,3.449987545831587,0,1,0,1,0,1,0,0
608,2,22.0,0.6931471805599453,2,3.7513658711253766,0,0,0,0,0,0,1,0
609,1,40.0,0.0,0,5.039951348430309,1,0,0,1,1,0,0,0
610,3,39.0,0.6931471805599453,5,3.4742929367327062,0,0,0,1,0,0,1,0
611,3,29.69911764705882,0.0,0,2.0856720914304723,0,1,0,1,0,1,0,0
612,3,29.69911764705882,0.6931471805599453,0,2.803360380906535,0,0,1,0,1,0,0,0
613,3,29.69911764705882,0.0,0,2.169053700369523,0,1,1,0,0,1,0,0
614,3,35.0,0.0,0,2.2027647577118348,0,1,0,1,0,1,0,0
615,2,24.0,0.6931471805599453,2,4.189654742026425,0,0,0,1,1,0,0,0
616,3,34.0,0.6931471805599453,1,2.7343675094195836,0,1,0,1,0,1,0,0
617,3,26.0,0.6931471805599453,0,2.8390784635086144,0,0,0,1,0,0,1,0
618,2,4.0,1.0986122886681098,1,3.6888794541139363,7,0,0,1,1,0,0,0
619,2,26.0,0.0,0,2.4423470353692043,0,1,0,1,0,1,0,0
620,3,27.0,0.6931471805599453,0,2.737880811060884,0,1,0,0,0,1,0,0
621,1,42.0,0.6931471805599453,0,3.9806942251907276,4,1,0,1,0,1,0,0
622,3,20.0,0.6931471805599453,1,2.817902613071225,0,1,0,0,0,1,0,0
623,3,21.0,0.0,0,2.180891922715322,0,1,0,1,0,1,0,0
624,3,21.0,0.0,0,2.8390784635086144,0,1,0,1,0,1,0,0
625,1,61.0,0.0,0,3.5061818266142577,4,1,0,1,0,1,0,0
626,2,57.0,0.0,0,2.5915163848462583,0,1,1,0,0,0,0,1
627,1,21.0,0.0,0,4.368919865004903,4,0,0,1,1,0,0,0
628,3,26.0,0.0,0,2.1855792552411137,0,1,0,1,0,1,0,0
629,3,29.69911764705882,0.0,0,2.167143305297764,0,1,1,0,0,1,0,0
630,1,80.0,0.0,0,3.4339872044851463,5,1,0,1,0,1,0,0
631,3,51.0,0.0,0,2.086193694502369,0,1,0,1,0,1,0,0
632,1,32.0,0.0,0,3.449987545831587,6,1,0,0,0,0,0,1
633,1,29.69911764705882,0.0,0,0.0,0,1,0,1,0,1,0,0
634,3,9.0,1.3862943611198906,2,3.3638415951183864,0,0,0,1,1,0,0,0
635,2,28.0,0.0,0,2.6390573296152584,0,0,0,1,1,0,0,0
636,3,32.0,0.0,0,2.188856327665703,0,1,0,1,0,1,0,0
637,2,31.0,0.6931471805599453,1,3.305053521109253,0,1,0,1,0,1,0,0
638,3,41.0,0.0,5,3.705920919968788,0,0,0,1,0,0,1,0
639,3,29.69911764705882,0.6931471805599453,0,2.8390784635086144,0,1,0,1,0,1,0,0
640,3,20.0,0.0,0,2.180891922715322,0,1,0,1,0,1,0,0
641,1,24.0,0.0,0,4.252771798816619,6,0,0,0,1,0,0,0
642,3,2.0,1.3862943611198906,2,3.3638415951183864,0,0,0,1,1,0,0,0
643,3,29.69911764705882,0.0,0,4.05171190165724,0,1,0,1,0,1,0,0
644,3,0.75,1.0986122886681098,1,3.0085645861193133,0,0,0,0,1,0,0,0
645,1,48.0,0.6931471805599453,0,4.353230991152628,4,1,0,0,0,1,0,0
646,3,19.0,0.0,0,2.1855792552411137,0,1,0,1,0,1,0,0
647,1,56.0,0.0,0,3.597312260588446,5,1,0,0,0,0,0,1
648,3,29.69911764705882,0.0,0,2.145931282948669,0,1,0,1,0,1,0,0
649,3,23.0,0.0,0,2.145931282948669,0,0,0,1,1,0,0,0
650,3,29.69911764705882,0.0,0,2.1855792552411137,0,1,0,1,0,1,0,0
651,2,18.0,0.0,1,3.1780538303479458,0,0,0,1,1,0,0,0
652,3,21.0,0.0,0,2.2442459824059346,0,1,0,1,0,1,0,0
653,3,29.69911764705882,0.0,0,2.17806441028492,0,0,1,0,1,0,0,0
654,3,18.0,0.0,0,2.0476928433652555,0,0,1,0,1,0,0,0
655,2,24.0,1.0986122886681098,0,4.310799125385514,0,1,0,1,0,1,0,0
656,3,29.69911764705882,0.0,0,2.1855792552411137,0,1,0,1,0,1,0,0
657,3,32.0,0.6931471805599453,1,2.803360380906535,0,0,1,0,0,0,1,0
658,2,23.0,0.0,0,2.6390573296152584,0,1,0,1,0,1,0,0
659,1,58.0,0.0,2,4.738607824217808,4,1,0,0,0,1,0,0
660,1,50.0,1.0986122886681098,0,4.902678819257608,0,1,0,1,0,0,0,1
661,3,40.0,0.0,0,2.1071782966514356,0,1,0,0,0,1,0,0
662,1,47.0,0.0,0,3.2804411805263554,2,1,0,1,0,1,0,0
663,3,36.0,0.0,0,2.139571923732859,0,1,0,1,0,1,0,0
664,3,20.0,0.6931471805599453,0,2.188856327665703,0,1,0,1,0,1,0,0
665,2,32.0,1.0986122886681098,0,4.310799125385514,0,1,0,1,0,1,0,0
666,2,25.0,0.0,0,2.6390573296152584,0,1,0,1,0,1,0,0
667,3,29.69911764705882,0.0,0,2.1719067693519296,0,1,0,1,0,1,0,0
668,3,43.0,0.0,0,2.2027647577118348,0,1,0,1,0,1,0,0
669,1,29.69911764705882,0.6931471805599453,0,3.970291913552122,1,0,0,1,0,0,1,0
670,2,40.0,0.6931471805599453,1,3.6888794541139363,0,0,0,1,0,0,1,0
671,1,31.0,0.6931471805599453,0,3.970291913552122,6,1,0,1,0,1,0,0
672,2,70.0,0.0,0,2.4423470353692043,0,1,0,1,0,1,0,0
673,2,31.0,0.0,0,2.6390573296152584,0,1,0,1,0,1,0,0
674,2,29.69911764705882,0.0,0,0.0,0,1,0,1,0,1,0,0
675,3,18.0,0.0,0,2.1719067693519296,0,1,0,1,0,1,0,0
676,3,24.5,0.0,0,2.2027647577118348,0,1,0,1,0,1,0,0
677,3,18.0,0.0,0,2.3833998102837652,0,0,0,1,1,0,0,0
678,3,43.0,0.6931471805599453,6,3.8691155044168695,0,0,0,1,0,0,1,0
679,1,36.0,0.0,1,6.240917354759096,6,1,0,0,0,1,0,0
680,3,29.69911764705882,0.0,0,2.212386825075897,0,0,1,0,1,0,0,0
681,1,27.0,0.0,0,4.353230991152628,4,1,0,0,0,1,0,0
682,3,20.0,0.0,0,2.3248357019288655,0,1,0,1,0,1,0,0
683,3,14.0,1.791759469228055,2,3.8691155044168695,0,1,0,1,0,1,0,0
684,2,60.0,0.6931471805599453,1,3.6888794541139363,0,1,0,1,0,1,0,0
685,2,25.0,0.6931471805599453,2,3.7513658711253766,0,1,0,0,0,1,0,0
686,3,14.0,1.6094379124341003,1,3.705920919968788,0,1,0,1,0,1,0,0
687,3,19.0,0.0,0,2.4133032309283076,0,1,0,1,0,1,0,0
688,3,18.0,0.0,0,2.174274334826008,0,1,0,1,0,1,0,0
689,1,15.0,0.0,1,5.35817698994543,6,0,0,1,1,0,0,0
690,1,31.0,0.6931471805599453,0,4.060443010546419,6,1,0,1,0,1,0,0
691,3,4.0,0.0,1,2.668387256845834,0,0,0,0,1,0,0,0
692,3,29.69911764705882,0.0,0,4.05171190165724,0,1,0,1,0,1,0,0
693,3,25.0,0.0,0,2.1071782966514356,0,1,0,0,0,1,0,0
694,1,60.0,0.0,0,3.3160025355989236,0,1,0,1,0,0,0,1
695,2,52.0,0.0,0,2.6741486494265287,0,1,0,1,0,1,0,0
696,3,44.0,0.0,0,2.2027647577118348,0,1,0,1,0,1,0,0
697,3,29.69911764705882,0.0,0,2.167143305297764,0,0,1,0,1,0,0,0
698,1,49.0,0.6931471805599453,1,4.717456363787216,1,1,0,0,0,1,0,0
699,3,42.0,0.0,0,2.157559320943788,7,1,0,1,0,1,0,0
700,1,18.0,0.6931471805599453,0,5.4316456135398825,1,0,0,0,0,0,1,0
701,1,35.0,0.0,0,3.3064287218760624,2,1,0,1,0,1,0,0
702,3,18.0,0.0,1,2.737880811060884,0,0,0,0,1,0,0,0
703,3,25.0,0.0,0,2.1681046787623672,0,1,1,0,0,1,0,0
704,3,26.0,0.6931471805599453,0,2.180891922715322,0,1,0,1,0,1,0,0
705,2,39.0,0.0,0,3.295836866004329,0,1,0,1,0,1,0,0
706,2,45.0,0.0,0,2.6741486494265287,0,0,0,1,0,0,1,0
707,1,42.0,0.0,0,3.3064287218760624,2,1,0,1,0,1,0,0
708,1,22.0,0.0,0,5.027492411162679,0,0,0,1,1,0,0,0
709,3,29.69911764705882,0.6931471805599453,1,2.7878344138303452,0,1,0,0,0,0,0,0
710,1,24.0,0.0,0,3.922056501139853,1,0,0,0,1,0,0,0
711,1,29.69911764705882,0.0,0,3.3160025355989236,1,1,0,1,0,1,0,0
712,1,48.0,0.6931471805599453,0,3.970291913552122,1,1,0,1,0,1,0,0
713,3,29.0,0.0,0,2.3497835148230464,0,1,0,1,0,1,0,0
714,2,52.0,0.0,0,2.6390573296152584,0,1,0,1,0,1,0,0
715,3,19.0,0.0,0,2.157559320943788,7,1,0,1,0,1,0,0
716,1,38.0,0.0,0,5.4316456135398825,1,0,0,0,1,0,0,0
717,2,27.0,0.0,0,2.4423470353692043,2,0,0,1,1,0,0,0
718,3,29.69911764705882,0.0,0,2.803360380906535,0,1,1,0,0,1,0,0
719,3,33.0,0.0,0,2.1719067693519296,0,1,0,1,0,1,0,0
720,2,6.0,0.0,1,3.5263605246161616,0,0,0,1,1,0,0,0
721,3,17.0,0.6931471805599453,0,2.086193694502369,0,1,0,1,0,1,0,0
722,2,34.0,0.0,0,2.6390573296152584,0,1,0,1,0,1,0,0
723,2,50.0,0.0,0,2.6390573296152584,0,1,0,1,0,1,0,0
724,1,27.0,0.6931471805599453,0,3.9908341858524357,2,1,0,1,0,1,0,0
725,3,20.0,0.0,0,2.2682524139135403,0,1,0,1,0,1,0,0
726,2,30.0,1.3862943611198906,0,3.091042453358316,0,0,0,1,0,0,1,0
727,3,29.69911764705882,0.0,0,2.1676241075599285,0,0,1,0,1,0,0,0
728,2,25.0,0.6931471805599453,0,3.295836866004329,0,1,0,1,0,1,0,0
729,3,25.0,0.6931471805599453,0,2.188856327665703,0,0,0,1,1,0,0,0
730,1,29.0,0.0,0,5.35817698994543,6,0,0,1,1,0,0,0
731,3,11.0,0.0,0,2.9850504252071306,0,1,0,0,0,1,0,0
732,2,29.69911764705882,0.0,0,0.0,0,1,0,1,0,1,0,0
733,2,23.0,0.0,0,2.6390573296152584,0,1,0,1,0,1,0,0
734,2,23.0,0.0,0,2.6390573296152584,0,1,0,1,0,1,0,0
735,3,28.5,0.0,0,2.8390784635086144,0,1,0,1,0,1,0,0
736,3,48.0,0.6931471805599453,3,3.5660053559634015,0,0,0,1,0,0,1,0
737,1,35.0,0.0,0,6.240917354759096,6,1,0,0,0,1,0,0
738,3,29.69911764705882,0.0,0,2.1855792552411137,0,1,0,1,0,1,0,0
739,3,29.69911764705882,0.0,0,2.1855792552411137,0,1,0,1,0,1,0,0
740,1,29.69911764705882,0.0,0,3.4339872044851463,4,1,0,1,0,1,0,0
741,1,36.0,0.6931471805599453,0,4.380149874661021,1,1,0,1,0,1,0,0
742,1,21.0,1.0986122886681098,2,5.5735788721243535,6,0,0,0,1,0,0,0
743,3,24.0,0.6931471805599453,0,2.8390784635086144,0,1,0,1,0,1,0,0
744,3,31.0,0.0,0,2.188856327665703,0,1,0,1,0,1,0,0
745,1,70.0,0.6931471805599453,1,4.276666119016055,6,1,0,1,0,0,0,1
746,3,16.0,0.6931471805599453,1,3.056356895370426,0,1,0,1,0,1,0,0
747,2,30.0,0.0,0,2.6390573296152584,0,0,0,1,1,0,0,0
748,1,19.0,0.6931471805599453,0,3.9908341858524357,4,1,0,1,0,1,0,0
749,3,31.0,0.0,0,2.169053700369523,0,1,1,0,0,1,0,0
750,2,4.0,0.6931471805599453,1,3.1780538303479458,0,0,0,1,1,0,0,0
751,3,6.0,0.0,1,2.600836116795061,2,1,0,1,0,0,0,0
752,3,33.0,0.0,0,2.3513752571634776,0,1,0,1,0,1,0,0
753,3,23.0,0.0,0,2.1855792552411137,0,1,0,1,0,1,0,0
754,2,48.0,0.6931471805599453,2,4.189654742026425,0,0,0,1,0,0,1,0
755,2,0.67,0.6931471805599453,1,2.740840023925201,0,1,0,1,0,0,0,0
756,3,28.0,0.0,0,2.174274334826008,0,1,0,1,0,1,0,0
757,2,18.0,0.0,0,2.5257286443082556,0,1,0,1,0,1,0,0
758,3,34.0,0.0,0,2.2027647577118348,0,1,0,1,0,1,0,0
759,1,33.0,0.0,0,4.471638793363569,6,0,0,1,0,0,0,1
760,3,29.69911764705882,0.0,0,2.740840023925201,0,1,0,1,0,1,0,0
761,3,41.0,0.0,0,2.094945728215801,0,1,0,1,0,1,0,0
762,3,20.0,0.0,0,2.1076888046179385,0,1,0,0,0,1,0,0
763,1,36.0,0.6931471805599453,2,4.795790545596741,6,0,0,1,0,0,1,0
764,3,16.0,0.0,0,2.1719067693519296,0,1,0,1,0,1,0,0
765,1,51.0,0.6931471805599453,0,4.368919865004903,4,0,0,1,0,0,1,0
766,1,29.69911764705882,0.0,0,3.703768066607687,0,1,0,0,0,0,0,1
767,3,30.5,0.0,0,2.169053700369523,0,0,1,0,1,0,0,0
768,3,29.69911764705882,0.6931471805599453,0,3.224857896545748,0,1,1,0,0,1,0,0
769,3,32.0,0.0,0,2.236712348843338,0,1,0,1,0,1,0,0
770,3,24.0,0.0,0,2.3513752571634776,0,1,0,1,0,1,0,0
771,3,48.0,0.0,0,2.180891922715322,0,1,0,1,0,1,0,0
772,2,57.0,0.0,0,2.4423470353692043,2,0,0,1,0,0,1,0
773,3,29.69911764705882,0.0,0,2.1071782966514356,0,1,0,0,0,1,0,0
774,2,54.0,0.6931471805599453,3,3.1780538303479458,0,0,0,1,0,0,1,0
775,3,18.0,0.0,0,2.169053700369523,0,1,0,1,0,1,0,0
776,3,29.69911764705882,0.0,0,2.169053700369523,7,1,1,0,0,1,0,0
777,3,5.0,0.0,0,2.600836116795061,0,0,0,1,1,0,0,0
778,3,29.69911764705882,0.0,0,2.1676241075599285,0,1,1,0,0,1,0,0
779,1,43.0,0.0,1,5.35817698994543,6,0,0,1,0,0,1,0
780,3,13.0,0.0,0,2.1076888046179385,0,0,0,0,1,0,0,0
781,1,17.0,0.6931471805599453,0,4.060443010546419,6,0,0,1,0,0,1,0
782,1,29.0,0.0,0,3.4339872044851463,4,1,0,1,0,1,0,0
783,3,29.69911764705882,0.6931471805599453,2,3.196630215920881,0,1,0,1,0,1,0,0
784,3,25.0,0.0,0,2.0856720914304723,0,1,0,1,0,1,0,0
785,3,25.0,0.0,0,2.1102132003465894,0,1,0,1,0,1,0,0
786,3,18.0,0.0,0,2.139571923732859,0,0,0,1,1,0,0,0
787,3,8.0,1.6094379124341003,1,3.405355391810819,0,1,1,0,0,0,0,0
788,3,1.0,0.6931471805599453,2,3.0715352369694915,0,1,0,1,0,0,0,0
789,1,46.0,0.0,0,4.384523514872469,6,1,0,0,0,1,0,0
790,3,29.69911764705882,0.0,0,2.169053700369523,0,1,1,0,0,1,0,0
791,2,16.0,0.0,0,3.295836866004329,0,1,0,1,0,1,0,0
792,3,29.69911764705882,2.1972245773362196,2,4.256321678298823,0,0,0,1,1,0,0,0
793,1,29.69911764705882,0.0,0,3.4561841799918147,0,1,0,0,0,1,0,0
794,3,25.0,0.0,0,2.1855792552411137,0,1,0,1,0,1,0,0
795,2,39.0,0.0,0,2.6390573296152584,0,1,0,1,0,1,0,0
796,1,49.0,0.0,0,3.2932111997353943,4,0,0,1,0,0,0,1
797,3,31.0,0.0,0,2.270402752283094,0,0,0,1,0,0,1,0
798,3,30.0,0.0,0,2.1076888046179385,0,1,0,0,0,1,0,0
799,3,30.0,0.6931471805599453,1,3.224857896545748,0,0,0,1,0,0,1,0
800,2,34.0,0.0,0,2.6390573296152584,0,1,0,1,0,1,0,0
801,2,31.0,0.6931471805599453,1,3.305053521109253,0,0,0,1,0,0,1,0
802,1,11.0,0.6931471805599453,2,4.795790545596741,6,1,0,1,0,0,0,0
803,3,0.42,0.0,1,2.2530481500547457,0,1,0,0,0,0,0,0
804,3,27.0,0.0,0,2.076311648670908,0,1,0,1,0,1,0,0
805,3,31.0,0.0,0,2.1719067693519296,0,1,0,1,0,1,0,0
806,1,39.0,0.0,0,0.0,5,1,0,1,0,1,0,0
807,3,18.0,0.0,0,2.1719067693519296,0,0,0,1,1,0,0,0
808,2,39.0,0.0,0,2.6390573296152584,0,1,0,1,0,1,0,0
809,1,33.0,0.6931471805599453,0,3.9908341858524357,2,0,0,1,0,0,1,0
810,3,26.0,0.0,0,2.184645795129359,0,1,0,1,0,1,0,0
811,3,39.0,0.0,0,3.224857896545748,0,1,0,1,0,1,0,0
812,2,35.0,0.0,0,2.4423470353692043,0,1,0,1,0,1,0,0
813,3,6.0,1.6094379124341003,2,3.4742929367327062,0,0,0,1,1,0,0,0
814,3,30.5,0.0,0,2.2027647577118348,0,1,0,1,0,1,0,0
815,1,29.69911764705882,0.0,0,0.0,6,1,0,1,0,1,0,0
816,3,23.0,0.0,0,2.188856327665703,0,0,0,1,1,0,0,0
817,2,31.0,0.6931471805599453,1,3.637696679934592,0,1,0,0,0,1,0,0
818,3,43.0,0.0,0,2.0082140323914683,0,1,0,1,0,1,0,0
819,3,10.0,1.3862943611198906,2,3.3638415951183864,0,1,0,1,0,0,0,0
820,1,52.0,0.6931471805599453,1,4.548599834499697,6,0,0,1,0,0,1,0
821,3,27.0,0.0,0,2.2682524139135403,0,1,0,1,0,1,0,0
822,1,38.0,0.0,0,0.0,0,1,0,1,0,0,0,1
823,3,27.0,0.0,1,2.600836116795061,2,0,0,1,0,0,1,0
824,3,2.0,1.6094379124341003,1,3.705920919968788,0,1,0,1,0,0,0,0
825,3,29.69911764705882,0.0,0,2.0731719286662407,0,1,1,0,0,1,0,0
826,3,29.69911764705882,0.0,0,4.05171190165724,0,1,0,1,0,1,0,0
827,2,1.0,0.0,2,3.637696679934592,0,1,0,0,0,0,0,0
828,3,29.69911764705882,0.0,0,2.169053700369523,0,1,1,0,0,1,0,0
829,1,62.0,0.0,0,4.394449154672439,6,0,0,0,0,0,1,0
830,3,15.0,0.6931471805599453,0,2.737880811060884,0,0,0,0,0,0,1,0
831,2,0.83,0.6931471805599453,1,2.9831534913471307,0,1,0,1,0,0,0,0
832,3,29.69911764705882,0.0,0,2.1076888046179385,0,1,0,0,0,1,0,0
833,3,23.0,0.0,0,2.180891922715322,0,1,0,1,0,1,0,0
834,3,18.0,0.0,0,2.2300144001592104,0,1,0,1,0,1,0,0
835,1,39.0,0.6931471805599453,1,4.432699549165613,2,0,0,0,1,0,0,0
836,3,21.0,0.0,0,2.2682524139135403,0,1,0,1,0,1,0,0
837,3,29.69911764705882,0.0,0,2.2027647577118348,0,1,0,1,0,1,0,0
838,3,32.0,0.0,0,4.05171190165724,0,1,0,1,0,1,0,0
839,1,29.69911764705882,0.0,0,3.4242626545931514,1,1,0,0,0,1,0,0
840,3,20.0,0.0,0,2.188856327665703,0,1,0,1,0,1,0,0
841,2,16.0,0.0,0,2.4423470353692043,0,1,0,1,0,1,0,0
842,1,30.0,0.0,0,3.4657359027997265,0,0,0,0,1,0,0,0
843,3,34.5,0.0,0,2.006534770871748,0,1,0,0,0,1,0,0
844,3,17.0,0.0,0,2.2682524139135403,0,1,0,1,0,1,0,0
845,3,42.0,0.0,0,2.145931282948669,0,1,0,1,0,1,0,0
846,3,29.69911764705882,2.1972245773362196,2,4.256321678298823,0,1,0,1,0,1,0,0
847,3,35.0,0.0,0,2.1855792552411137,0,1,0,0,0,1,0,0
848,2,28.0,0.0,1,3.5263605246161616,0,1,0,1,0,0,0,1
849,1,29.69911764705882,0.6931471805599453,0,4.500966778400217,1,0,0,0,0,0,1,0
850,3,4.0,1.6094379124341003,2,3.4742929367327062,0,1,0,1,0,0,0,0
851,3,74.0,0.0,0,2.1719067693519296,0,1,0,1,0,1,0,0
852,3,9.0,0.6931471805599453,1,2.7878344138303452,0,0,0,0,1,0,0,0
853,1,16.0,0.0,1,3.6988297849671046,4,0,0,1,1,0,0,0
854,2,44.0,0.6931471805599453,0,3.295836866004329,0,0,0,1,0,0,1,0
855,3,18.0,0.0,1,2.336986519711378,0,0,0,1,0,0,1,0
856,1,45.0,0.6931471805599453,1,5.11118445372147,0,0,0,1,0,0,1,0
857,1,51.0,0.0,0,3.3160025355989236,2,1,0,1,0,1,0,0
858,3,24.0,0.0,3,3.0085645861193133,0,0,0,0,0,0,1,0
859,3,29.69911764705882,0.0,0,2.1076888046179385,0,1,0,0,0,1,0,0
860,3,41.0,1.0986122886681098,0,2.7152442616824506,0,1,0,1,0,1,0,0
861,2,21.0,0.6931471805599453,0,2.5257286443082556,0,1,0,1,0,1,0,0
862,1,48.0,0.0,0,3.2932111997353943,4,0,0,1,0,0,1,0
863,3,29.69911764705882,2.1972245773362196,2,4.256321678298823,0,0,0,1,1,0,0,0
864,2,24.0,0.0,0,2.6390573296152584,0,1,0,1,0,1,0,0
865,2,42.0,0.0,0,2.6390573296152584,0,0,0,1,0,0,1,0
866,2,27.0,0.6931471805599453,0,2.698558631668595,0,0,0,0,1,0,0,0
867,1,31.0,0.0,0,3.941500250945973,5,1,0,1,0,1,0,0
868,3,29.69911764705882,0.0,0,2.3513752571634776,0,1,0,1,0,1,0,0
869,3,4.0,0.6931471805599453,1,2.495953738718064,0,1,0,1,0,0,0,0
870,3,26.0,0.0,0,2.1855792552411137,0,1,0,1,0,1,0,0
871,1,47.0,0.6931471805599453,1,3.9806942251907276,4,0,0,1,0,0,1,0
872,1,33.0,0.0,0,1.791759469228055,6,1,0,1,0,1,0,0
873,3,47.0,0.0,0,2.302585092994046,0,1,0,1,0,1,0,0
874,2,28.0,0.6931471805599453,0,3.2188758248682006,0,0,0,0,0,0,1,0
875,3,15.0,0.0,0,2.1071782966514356,0,0,0,0,1,0,0,0
876,3,20.0,0.0,0,2.3837779082709782,0,1,0,1,0,1,0,0
877,3,19.0,0.0,0,2.1855792552411137,0,1,0,1,0,1,0,0
878,3,29.69911764705882,0.0,0,2.1855792552411137,0,1,0,1,0,1,0,0
879,1,56.0,0.0,1,4.432699549165613,1,0,0,0,0,0,1,0
880,2,25.0,0.0,1,3.295836866004329,0,0,0,1,0,0,1,0
881,3,33.0,0.0,0,2.1855792552411137,0,1,0,1,0,1,0,0
882,3,22.0,0.0,0,2.4437981558973862,0,0,0,1,1,0,0,0
883,2,28.0,0.0,0,2.4423470353692043,0,1,0,1,0,1,0,0
884,3,25.0,0.0,0,2.0856720914304723,0,1,0,1,0,1,0,0
885,3,39.0,0.0,5,3.405355391810819,0,0,1,0,0,0,1,0
886,2,27.0,0.0,0,2.6390573296152584,0,1,0,1,0,0,0,1
887,1,19.0,0.0,0,3.4339872044851463,6,0,0,1,1,0,0,0
888,3,29.69911764705882,0.6931471805599453,2,3.196630215920881,0,0,0,1,1,0,0,0
889,1,26.0,0.0,0,3.4339872044851463,1,1,0,0,0,1,0,0
890,3,32.0,0.0,0,2.169053700369523,0,1,1,0,0,1,0,0
891,2,31.0,0.6931471805599453,1,3.0949966625446583,0,0,0,1,0,0,1,0
892,1,42.702854535556845,0.20596554089494806,0,4.948864234049953,5,0,0,1,0,0,0,0
893,1,27.958101136619003,0.0,0,3.3216163552377633,0,1,0,1,0,1,0,0
894,3,44.32173411534785,0.0,0,2.1933311441024728,0,1,0,1,0,1,0,0
895,3,29.0,0.0,0,2.1767957119723427,0,1,0,0,0,1,0,0
896,2,24.0,0.0,2,2.805541353311112,1,0,0,1,0,0,1,0
897,1,35.997914084048624,0.0014458467605831177,0,4.916297692494659,1,0,0,0,0,0,0,0
898,1,49.09469064397095,0.7315409327544575,0,4.539005150239888,0,1,0,0,0,0,0,0
899,3,29.684236134754805,0.0,0,2.1721978037262475,0,1,0,0,0,1,0,0
900,3,29.799625192322555,0.0535532836363323,1,3.144637268770323,0,0,0,0,0,0,1,0
901,1,47.5943454731005,0.28117829160176677,0,3.572091801177914,4,0,0,1,0,0,1,0
902,1,50.26785207788173,0.09283045629542161,1,5.386029880064532,6,0,0,0,0,0,1,0
903,1,52.37598462404701,0.7558368084982068,0,3.7593546644890097,1,0,0,1,0,0,0,0
904,1,29.905810911407702,0.0,0,4.316658217010075,0,0,0,0,1,0,0,0
905,2,24.0,0.7503985803005806,0,2.896059278300132,0,0,0,1,0,0,1,0
906,3,29.69911764705882,0.9536505931334271,0,3.05075149207507,0,0,1,0,1,0,0,0
907,3,29.69911764705882,0.4689910654130861,1,2.9052627396168984,0,0,0,0,0,0,0,0
908,1,39.828237482132494,0.6931471805599453,1,4.827165946753097,2,0,0,0,0,0,0,0
909,2,8.104096171805802,0.6931471805599453,1,3.5473263123299206,0,1,0,1,0,0,0,0
910,2,0.9821335799449301,0.07284740404630217,1,3.568906423749366,0,1,0,0,0,0,0,0
911,2,2.9377555480231816,0.8832607578890705,1,3.480125799808916,7,0,0,1,0,0,0,0
912,1,3.644309566079059,0.24654582142444387,1,4.0182979956295855,5,1,0,1,0,0,0,0
913,1,50.090245301705636,0.0,0,2.5211903395742246,0,0,0,1,0,0,0,0
914,2,18.496392225790185,0.0,0,3.236520413577743,0,0,0,1,1,0,0,0
915,3,29.69911764705882,0.0,0,2.169053700369523,0,0,1,0,1,0,0,0
916,1,50.8176908372989,0.28339004922171634,0,5.048335438551121,5,0,0,0,0,0,1,0
917,3,30.848959383790014,0.0,0,2.213403286922834,0,1,0,1,0,1,0,0
918,2,1.0,0.43075166971519213,2,3.285859445757905,0,1,0,0,0,0,0,0
919,1,22.0,0.6931471805599453,1,3.9475711120975707,0,0,0,0,0,0,1,0
920,1,38.0,0.08037981910754304,0,5.298165461313177,1,0,0,0,0,0,0,0
921,2,21.706326411167705,0.0,0,2.2077521356503143,0,0,0,1,1,0,0,0
922,1,29.69911764705882,0.5309291845819162,0,4.412383956056597,0,0,0,0,0,0,1,0
923,2,34.0,0.4229189680570012,0,3.171399927465042,0,0,0,1,0,0,0,0
924,1,58.0,0.0,0,4.658880960034005,1,0,0,1,0,0,0,0
925,3,29.69911764705882,0.0,0,2.169053700369523,0,0,1,0,1,0,0,0
926,2,21.367147298927936,0.0,0,2.3430556221796093,0,0,0,1,1,0,0,0
927,1,23.89115936579079,0.0,0,4.234769641587732,6,0,0,0,1,0,0,0
928,3,29.69911764705882,0.42949385416214225,0,2.5608787941343487,0,0,0,0,0,0,1,0
929,1,35.0,0.1778145192119562,0,4.813035473115355,1,0,0,1,0,0,0,0
930,1,29.94006331476431,0.13807703900584023,0,4.637318771256828,6,0,0,0,0,0,0,0
931,1,49.487697692078676,0.35510090033001734,0,3.913227701469763,0,0,0,0,0,0,0,0
932,1,22.738011571750015,0.0,1,3.448569907029879,6,0,0,0,1,0,0,0
933,1,22.0,0.0,0,4.061536966679478,1,0,0,1,1,0,0,0
934,1,22.14469847778807,0.0,1,3.957061642262744,5,0,0,0,0,0,0,0
935,3,29.69911764705882,0.0,0,2.1674980334711744,0,0,1,0,1,0,0,0
936,2,1.4664136379303807,0.6931471805599453,1,2.869030138034781,0,0,0,1,1,0,0,0
937,1,42.124517438058845,0.6499927249994263,0,3.941902521618387,4,0,0,0,0,0,0,0
938,1,51.27317150812053,0.0,0,3.083796629543569,0,0,0,1,0,0,0,0
939,2,0.731131683869506,0.42831434107850824,1,2.993144756638187,0,1,0,1,0,0,0,0
940,2,40.0,0.29577174115166266,0,3.087025274044714,0,0,0,1,0,0,0,0
941,1,29.435903095930414,0.0,0,3.459288296145672,4,1,0,1,0,1,0,0
942,1,23.896328911519408,0.0,0,4.243617030981238,5,0,0,0,0,1,0,0
943,1,23.561192738988908,0.0,0,3.94471984075082,1,0,0,0,1,0,0,0
944,1,35.0,0.0337713881887582,0,3.3397741977730884,1,0,0,1,0,0,0,0
945,1,29.69911764705882,0.0,0,3.4477384186225075,0,1,0,1,0,1,0,0
946,3,31.82801375733732,0.0,0,2.188856327665703,0,1,0,1,0,1,0,0
947,2,8.934381228642867,0.0,2,3.0846904810061373,0,0,0,1,0,0,0,0
948,3,0.8737845769241842,0.5423094828906653,1,2.8934219715263247,0,1,0,0,0,0,0,0
949,1,44.759070770525724,0.17538258814512406,1,4.052770437756005,5,0,0,0,0,0,1,0
950,1,30.0,0.0,0,4.513890226055224,6,0,0,1,1,0,0,0
951,1,20.07388409434451,0.0,0,3.876853613565595,4,0,0,1,1,0,0,0
952,3,29.68481653590462,0.0,0,2.3513752571634776,0,1,0,1,0,1,0,0
953,1,52.0,0.6931471805599453,0,4.4520225031578295,4,0,0,0,0,0,1,0
954,1,58.296305813915694,0.10269176974959285,0,4.903678035452655,6,0,0,0,0,0,0,0
955,1,41.909273011550134,0.6617036024375862,0,3.9573339163068626,4,1,0,0,0,1,0,0
956,1,29.805130028294638,0.4489248709437436,0,4.809932173526373,6,0,0,0,0,0,0,0
957,3,32.0,0.0,0,2.6335368205166096,0,1,0,1,0,1,0,0
958,3,32.0,0.0,0,3.663364563476418,0,1,0,1,0,1,0,0
959,1,30.539682172897617,0.37407917654244927,0,4.615717220031356,4,0,0,0,1,0,0,0
960,1,51.691176365505584,0.5861170647899061,1,4.697904744896661,6,0,0,0,0,0,1,0
961,1,29.69911764705882,0.21846277380465762,0,4.421223539130793,0,0,0,0,0,0,1,0
962,3,29.69911764705882,1.0446278076559308,0,3.193268486270986,0,0,1,0,0,0,0,0
963,2,19.965542532474785,0.0,0,2.119220279736096,0,1,0,0,0,1,0,0
964,3,20.277867105579197,0.0,0,2.126190733170311,0,1,0,0,0,1,0,0
965,3,22.0,0.0,0,2.1697715760259295,0,0,0,0,1,0,0,0
966,2,41.85089359706328,0.0,0,2.6524277700008576,0,0,0,1,0,0,1,0
967,3,29.69911764705882,0.0,0,2.169053700369523,0,0,1,0,1,0,0,0
968,2,27.0,0.5927170740958486,0,2.624707856405175,0,0,0,0,1,0,0,0
969,2,41.97725163450163,0.6773792151523992,0,3.2895716936238433,0,0,0,1,0,0,1,0
970,1,37.779163493358396,0.15307220194333554,0,4.303076961439955,5,0,0,0,0,0,0,0
971,2,7.163672336198955,0.11344901837196497,1,3.3583995655581993,0,0,0,1,0,0,0,0
972,1,28.361643740489605,0.0,0,3.5625498153233317,4,1,0,1,0,1,0,0
973,1,35.432999464167686,0.39301482278814626,0,3.9471545857616697,1,0,0,1,0,0,0,0
974,3,29.934787754795302,0.0,0,2.5104299000537917,0,0,0,0,1,0,0,0
975,2,13.280534818176836,0.19445191826817054,0,2.480401659867524,0,0,0,0,0,0,0,0
976,1,38.10620610810341,0.0,0,4.345131644659708,5,0,0,0,0,0,0,0
977,1,29.69911764705882,0.0,0,3.5321521996496132,1,1,0,1,0,1,0,0
978,1,35.0,0.6931471805599453,0,4.485246870195664,1,0,0,1,0,0,1,0
979,2,0.83,0.10007493093498576,1,3.3408412053342467,0,1,0,1,0,0,0,0
980,1,34.451597198066786,0.6931471805599453,0,3.7187140614380847,0,0,0,1,0,0,1,0
981,2,24.31260930629608,0.971860122495152,1,3.3640227276363808,0,0,0,1,0,0,0,0
982,1,16.57614127210154,0.39935069836140263,0,4.234731931968508,6,0,0,1,0,0,0,0
983,1,28.0249403201439,0.0,0,3.641228790668716,5,0,0,1,0,0,0,0
984,3,29.69911764705882,0.6931471805599453,0,2.803360380906535,0,0,1,0,0,0,0,0
985,3,3.8146751572161053,0.6931471805599453,1,2.5573629569790257,0,1,0,1,0,0,0,0
986,3,5.0,0.8934508781785786,0,2.9324229402210014,0,0,0,0,1,0,0,0
987,1,58.01759295651719,0.3496222173318734,0,3.9689050434770157,4,0,0,0,0,0,0,0
988,1,17.36962863844833,0.2562070485946714,1,4.9814411637677285,1,0,0,0,0,0,0,0
989,2,30.14733335587065,0.0,0,2.393760422321622,0,1,0,1,0,1,0,0
990,3,22.154211797229497,0.0,0,2.1679010429097723,0,0,0,1,1,0,0,0
991,2,34.0,0.2930239962627563,1,3.31903549568324,0,0,0,1,0,0,1,0
992,1,50.0,1.0243003652970712,0,4.793989414149743,0,0,0,1,0,0,0,0
993,1,22.0,0.0,0,4.972352392450007,0,0,0,1,1,0,0,0
994,1,38.0,0.6931471805599453,0,4.4891704259028,1,0,0,0,0,0,0,0
995,1,60.11121818156902,0.6546018960691593,0,4.3850754706772,6,0,0,0,0,0,0,0
996,3,18.25666633330112,0.0,0,2.3321465343464265,0,0,0,0,1,0,0,0
997,2,19.0,0.31151966702369127,0,3.295836866004329,0,0,0,1,0,0,0,0
998,1,18.0,0.02814964447711199,1,4.432416616937942,1,0,0,0,0,0,0,0
999,2,34.943734201396346,0.0,0,3.065611149413942,0,0,0,1,1,0,0,0
1000,1,30.29077516984701,0.3152519848166919,0,4.027344937645449,4,0,0,0,0,0,0,0
1001,1,33.68379789210039,0.0,0,2.6016560620758273,6,0,0,0,0,0,0,0
1002,1,29.093564652645245,0.0,0,5.275228351525508,6,0,0,1,1,0,0,0
1003,2,18.558585294950742,0.0,0,3.2438457020602605,0,0,0,1,1,0,0,0
1004,3,5.0,0.45338809712410655,0,2.769102243759979,0,0,0,0,1,0,0,0
1005,1,20.11231451652386,0.0,0,3.8972725629298637,4,0,0,1,1,0,0,0
1006,2,29.69911764705882,0.0,0,2.4180055029373726,0,1,0,1,0,1,0,0
1007,2,34.16071183970145,0.0,0,2.7116966903696915,0,0,0,1,1,0,0,0
1008,1,24.245982982586934,0.17050241084585901,0,3.949397939109457,1,0,0,0,0,0,0,0
1009,1,28.677106996565715,0.0,0,4.7896060888418575,5,0,0,1,0,0,0,0
1010,1,49.0,0.6931471805599453,0,4.252282592217479,4,0,0,0,0,0,0,0
1011,3,0.75,1.0986122886681098,1,3.0085645861193133,0,0,0,0,1,0,0,0
1012,2,5.0,1.3454151005693835,2,3.4434446866678656,0,0,0,1,1,0,0,0
1013,2,1.6261331133850632,0.9716747234137216,1,3.5658309644209405,7,1,0,1,0,0,0,0
1014,2,31.707738381367097,0.2025803169412823,0,2.8337024545446416,0,0,0,1,0,0,1,0
1015,1,41.31715175029171,0.0,0,4.400722348817762,2,0,0,0,0,0,0,0
1016,1,45.0,0.0,0,2.705811593800517,0,0,0,1,0,0,0,0
1017,1,29.69911764705882,0.49908118786283406,0,4.468365221092938,0,0,0,0,0,0,1,0
1018,1,39.0,0.6931471805599453,0,4.240527964588881,2,0,0,0,0,0,0,0
1019,2,24.692818690220058,0.21292185879467768,0,3.1510051147172633,0,0,0,1,0,0,1,0
1020,3,22.0,0.0,0,2.169053700369523,0,0,0,0,1,0,0,0
1021,1,38.525075885735255,0.3407798304474938,0,3.7189107186449952,4,1,0,0,0,1,0,0
1022,3,26.0,0.0,0,2.184828871959782,0,0,0,1,1,0,0,0
1023,1,23.195744357821656,0.5574675308253464,0,4.643508163419026,4,0,0,0,1,0,0,0
1024,1,41.36627776379398,0.0,0,5.100415494424138,1,0,0,0,1,0,0,0
1025,2,23.00324214501697,0.8965370229539316,1,3.366589103471431,0,0,0,1,0,0,1,0
1026,1,28.43881428114228,0.0,0,3.3506055167702753,1,1,0,1,0,1,0,0
1027,3,29.919853732777636,0.0,0,2.2864643065767454,0,1,0,0,0,1,0,0
1028,3,2.012166243721555,0.00843299753360105,1,2.5897496021395563,0,0,0,1,0,0,0,0
1029,1,29.69911764705882,0.13455963497706802,0,4.6598856028734446,0,0,0,0,0,0,0,0
1030,1,39.95749092413181,0.6931471805599453,1,4.8887257538629845,2,0,0,0,0,0,0,0
1031,1,35.444841911445316,0.3848062638467284,0,3.6863819510535683,1,0,0,1,0,0,0,0
1032,1,25.975633014208604,0.016889907500050202,0,3.448588415114326,1,1,0,0,0,1,0,0
1033,3,29.69911764705882,0.0,0,2.169053700369523,0,0,1,0,1,0,0,0
1034,2,18.31101571844041,0.21557966834679443,0,2.6352040490405138,0,0,0,1,0,0,1,0
1035,3,29.69911764705882,0.3137445179045954,0,2.4225759590982845,0,0,0,0,0,0,1,0
1036,2,24.0,0.6931471805599453,0,3.186425045514321,0,0,0,1,0,0,1,0
1037,1,33.0,0.6931471805599453,0,4.479968213536503,1,0,0,0,0,0,0,0
1038,1,36.0,0.6057982692928892,2,4.730371606090522,6,0,0,1,0,0,0,0
1039,3,25.241030461025694,0.5260775960709222,0,2.1740724650094947,0,0,0,1,0,0,0,0
1040,3,15.387881627335878,0.0,0,2.1304376217883836,0,0,0,0,1,0,0,0
1041,3,29.59123360900621,0.0,2,3.0949179888602267,0,0,0,0,0,0,1,0
1042,2,2.0652123219324405,1.0986122886681098,1,3.6888794541139363,7,0,0,1,0,0,0,0
1043,2,3.1183583190782356,0.6931471805599453,1,3.683509621671647,0,0,0,0,1,0,0,0
1044,2,29.855831714879272,0.0,0,3.039448525659234,0,0,0,0,1,0,0,0
1045,2,31.0,0.6931471805599453,1,3.12078709866795,0,0,0,1,0,0,1,0
1046,3,13.331274273162984,0.2296218284349678,0,2.239257480185869,0,0,0,0,1,0,0,0
1047,2,24.16570004415293,0.916572183928851,1,3.3261783899303516,0,0,0,1,0,0,1,0
1048,1,25.873304133721348,0.0,0,4.3834787879280315,0,0,0,0,1,0,0,0
1049,1,48.63878824793453,0.25037290752929975,0,3.441509164940846,4,0,0,0,0,0,0,1
1050,2,29.69911764705882,0.0,0,2.5551419029169242,1,0,1,0,1,0,0,0
1051,1,22.504496914244886,0.7936017866767584,0,4.945473189594745,4,0,0,0,1,0,0,0
1052,3,29.69911764705882,0.0,0,2.169053700369523,0,0,1,0,1,0,0,0
1053,2,34.60988787211239,0.0,0,2.9147175749613674,0,0,0,1,1,0,0,0
1054,1,29.69911764705882,0.3425136989678526,0,4.640566235556117,0,0,0,0,0,0,1,0
1055,2,29.91863524193151,1.198853149959394,0,3.0229062237799074,0,0,0,1,0,0,1,0
1056,2,2.121319335925081,0.6931471805599453,1,3.2579023266361045,0,0,0,1,0,0,0,0
1057,3,22.0,0.0,0,2.1226265954631276,0,0,0,0,0,0,0,0
1058,3,3.9488995439145436,0.7399700548655913,1,2.5461251275577386,0,1,0,1,0,0,0,0
1059,3,29.69911764705882,0.0,0,2.167679255520792,0,0,1,0,1,0,0,0
1060,2,4.0,0.7264217040160499,1,2.940473508870428,3,0,0,1,1,0,0,0
1061,2,41.49521656414083,0.34325796520080193,0,3.1568134605338396,0,0,0,1,0,0,1,0
1062,3,29.69911764705882,0.8728782963377627,0,3.2087045170484028,0,0,1,0,1,0,0,0
1063,1,30.130811933960906,0.0,0,4.404816705601952,6,0,0,0,0,0,0,0
1064,1,37.495648648211485,0.5786280262078988,0,3.8956147597312762,4,1,0,0,0,1,0,0
1065,2,3.275092346342429,0.6931471805599453,1,2.92379956881962,0,0,0,1,0,0,0,0
1066,2,41.78407528018757,0.6931471805599453,0,3.338270671360288,0,0,0,1,0,0,1,0
1067,2,7.150415997234115,0.0,2,3.2873165817238195,0,0,0,1,0,0,0,0
1068,3,29.69911764705882,0.817344256477952,0,2.9213060627373695,0,0,1,0,1,0,0,0
1069,1,23.019611218440218,1.3591074395815237,1,5.553528586411517,1,0,0,0,1,0,0,0
1070,3,26.17659632394918,0.0,0,2.8418703480999365,0,1,0,0,0,1,0,0
1071,1,33.0,0.6931471805599453,0,4.146472103579316,1,0,0,0,0,0,0,0
1072,3,29.35127868924692,0.0,0,2.4460884157049656,0,0,0,0,0,0,1,0
1073,1,15.453295328709977,0.0,0,4.956313366711905,6,0,0,1,1,0,0,0
1074,2,18.03298513246397,0.0,0,2.210667410876383,0,1,0,1,0,1,0,0
1075,2,24.23464649741472,0.0,2,3.0759720203986736,0,0,0,0,0,0,1,0
1076,3,22.0,0.0,0,2.1243113090369077,0,0,0,0,1,0,0,0
1077,2,24.0,0.6931471805599453,0,3.2138791463261733,0,0,0,1,0,0,1,0
1078,1,24.534616949469502,0.37056823120434434,0,4.219124727869145,1,0,0,0,0,0,0,0
1079,2,5.469285608477991,0.0,0,3.035171401680618,0,0,0,1,1,0,0,0
1080,3,29.69911764705882,0.6931471805599453,0,2.803360380906535,0,0,1,0,1,0,0,0
1081,2,23.015486324591183,0.3412064391661651,2,3.238278281886527,0,0,0,0,0,0,1,0
1082,3,29.69911764705882,0.0,0,2.169053700369523,0,0,1,0,1,0,0,0
1083,3,18.529527786518244,0.0,0,2.2027647577118348,0,1,0,1,0,1,0,0
1084,1,41.078587417502895,0.05447264686962028,0,4.836020715538501,2,0,0,0,0,0,0,0
1085,2,29.96321856341165,0.0,0,2.540395119713503,0,0,1,0,1,0,0,0
1086,1,24.0,0.7101159114447019,2,4.223592203795938,0,0,0,1,1,0,0,0
1087,1,22.0,0.0,0,4.668281697303404,0,0,0,1,1,0,0,0
1088,2,1.3317544523918006,0.9099073831229518,1,3.1422621284167946,0,0,0,0,1,0,0,0
1089,3,22.0,0.0,0,2.171807665758359,0,0,0,1,1,0,0,0
1090,1,76.76628771196988,0.0,0,3.6065348495132583,5,0,0,0,0,0,0,0
1091,3,24.0,0.415345873731092,0,2.532840793525296,0,0,0,1,0,0,0,0
1092,1,18.0,0.0,1,3.7176321656124736,0,0,0,1,1,0,0,0
1093,1,50.28503782967245,0.0,0,2.691371903036082,0,0,0,1,0,0,0,0
1094,3,18.0,0.0,0,2.1506067046885966,0,0,0,1,1,0,0,0
1095,2,7.097484029508888,0.03378539010185411,1,3.281767515894624,0,0,0,1,0,0,0,0
1096,2,8.079887304242167,0.05537365969799219,1,3.2668881684348205,0,0,0,1,0,0,0,0
1097,3,29.69911764705882,0.0,0,2.167504197792263,0,0,1,0,1,0,0,0
